keys,en
CONTINUA,Continue
Nessuna partita salvata.,No saved game.
ENTRA NELL'ARENA,ENTER THE ARENA
CARICA PARTITA,Load Game
ARCHIVIO,ARCHIVE
OPZIONI,OPTIONS
CREDITI,CREDITS
ARCHIVIO DELLE CONDANNE,Archive of Sentences
Registro consultivo. Nessuna ricompensa.,Consultation log. No rewards.
CONDANNE,SENTENCES
MUSEO,MUSEUM
PATTI DISPONIBILI (LIVELLO 3),Available Pacts (Level 3)
- Nessun patto disponibile.,- No pacts available.
ARENE TEMATICHE,Themed Arenas
- Nessuna arena disponibile.,- No arenas available.
VOCI DEL PUBBLICO,Crowd Lines
Voci base: %d,Base lines: %d
Voci dure: %s,Harsh lines: %s
SBLOCCATE,Unlocked
BLOCCATE,Locked
LUMINOSITÀ,BRIGHTNESS
Luminosità: %.2f,Brightness: %.2f
LINGUA,LANGUAGE
Lingua selezionata: %s,Selected language: %s
VOLUME MASTER,MASTER VOLUME
VOLUME MUSICA,MUSIC VOLUME
VOLUME EFFETTI,SFX VOLUME
SCHERMO INTERO,FULLSCREEN
MOVIMENTO RIDOTTO,REDUCED MOTION
RISOLUZIONE,RESOLUTION
Risoluzione: %s,Resolution: %s
Volume: %d%%,Volume: %d%%
Musica: %d%%,Music: %d%%
Effetti: %d%%,SFX: %d%%
Nessun salvataggio valido disponibile. Inizia un nuovo percorso.,No valid save is available. Start a new path.
Salvataggio corrotto: i file sono stati messi in quarantena.,Corrupted save: the files were quarantined.
Salvataggio corrotto e backup non disponibile.,The save is corrupted and no backup is available.
"Backup valido trovato, ma il ripristino non è riuscito.","A valid backup was found, but recovery failed."
Italiano,Italian
English,English
Español,Spanish
GALLICUS,GALLICUS
ACTA ARENAE,ACTA ARENAE
Game: Gallicus\nDesign/Direction: (TBD)\nCode: (TBD)\nArt: (TBD)\nAudio: (TBD)\nSpecial Thanks: (TBD),Game: Gallicus\nDesign/Direction: (TBD)\nCode: (TBD)\nArt: (TBD)\nAudio: (TBD)\nSpecial Thanks: (TBD)
Luminosità: 1.00,Brightness: 1.00
(Placeholder),(Placeholder)
Lingua selezionata: Italiano,Selected language: Italian
Volume: 100%,Volume: 100%
SCOMMESSA,BET
-,-
PRESSIONE,PRESSURE
PRESSIONE %d/%d,PRESSURE %d/%d
Sotto controllo,Under control
La folla si scalda,The crowd heats up
Rischio alto,High risk
Fuori controllo,Out of control
Pressione -1.,Pressure -1.
Pressione +1.,Pressure +1.
Pressione +1. Aumenti posta e rischio.,Pressure +1. Raise the stake and risk.
Pressione massima: %d/%d,Peak pressure: %d/%d
La folla ha spinto il percorso oltre il margine.,The crowd pushed the path past the margin.
La pressione è rimasta sotto controllo.,Pressure stayed under control.
Chiudi il percorso e registra il risultato finale.,Close the path and record the final result.
Pressione +1. Continua alla prossima arena con posta aumentata.,Pressure +1. Continue to the next arena with higher stakes.
La folla osserva.,The crowd watches.
La folla pretende un altro rilancio.,The crowd demands another raise.
La folla resta in ascolto.,The crowd is still listening.
Stato del percorso: Gloria %d | Corruzione %d | %s,Path status: Glory %d | Corruption %d | %s
Incasso sotto richiesta della folla: x%.2f,Cashout under crowd demand: x%.2f
CICATRICE APPLICATA,SCAR APPLIED
Il patto viene giudicato...,The pact is being judged...
La folla ti guarda.,The crowd watches you.
Registro: atto annotato.,Registry: act recorded.
Arena del Sigillo,Seal Arena
Qui ogni firma pesa.,Every signature carries weight here.
SENTENZA,VERDICT
VINCI,WIN
SE FALLISCI: LA CICATRICE TI RESTA.,IF YOU FAIL: THE SCAR REMAINS.
IL PATTO È SIGILLATO.,THE PACT IS SEALED.
La folla trattiene il fiato.,The crowd holds its breath.
RITO DI GIUDIZIO,RITE OF JUDGMENT
Il patto viene giudicato.,The pact is judged.
SCEGLI IL GESTO,CHOOSE THE GESTURE
UMILIATI,HUMILIATE YOURSELF
PROVOCA,PROVOKE
Scommessa Arena,Arena Bet
ARENA SPECIALE,SPECIAL ARENA
FOCUS: Leggi prima la CONDANNA.,FOCUS: Read the SENTENCE first.
Seed (opzionale),Seed (optional)
Es. 10331,Ex. 10331
APPLICA,APPLY
Stake,Stake
CONDANNA - TUTTO O NIENTE,SENTENCE - ALL OR NOTHING
CONDIZIONE - SANGUE INTEGRO,CONDITION - INTACT BLOOD
PATTO - INCASSA E VAI,PACT - CASH OUT AND GO
Selezione: -,Selection: -
SIGILLA,SEAL
Disponibile dopo l'arena in corso.,Available after the current arena.
x1,x1
Incassa ora o rilancia il rischio,Cash in now or raise the risk
PRENDI LA QUIETANZA,TAKE THE RECEIPT
RICEVI IL MARCHIO,RECEIVE THE MARK
CONDANNA,SENTENCE
NESSUN REWARD,NO REWARD
RADDOPPIA,DOUBLE
DETTAGLIO CICATRICI,SCAR DETAILS
CHIUDI,CLOSE
VERDETTO,VERDICT
PATTI FIRMATI,SIGNED PACTS
ULTIMA VOCE,LAST ENTRY
NUOVO PERCORSO,NEW PATH
NEXT BET,NEXT BET
PROSSIMA SCOMMESSA,NEXT BET
TORNA AL MENU,BACK TO MENU
FAST: 12s,FAST: 12s
CICATRICI,SCARS
Nessuna cicatrice.,No scars.
CIRCOLO SCOMMESSE,BETTING CIRCLE
INCASSA E VAI,CASH OUT AND GO
CONDANNA: ...,SENTENCE: ...
CONDIZIONE: ...,CONDITION: ...
PATTO: ...,PACT: ...
SANGUE INTEGRO,INTACT BLOOD
TUTTO O NIENTE,ALL OR NOTHING
Nessun patto aperto. Entra nell'arena e firma la prima scommessa.,No pact open. Enter the arena and sign the first wager.
Funzione disattiva in L3.,Disabled in L3.
Voci dure: +%d,Harsh lines: +%d
%s\\n\\nCome è stata ottenuta:\\n%s\\n\\n%s,%s\\n\\nHow it was obtained:\\n%s\\n\\n%s
Salvataggio non valido: schema del file mancante o corrotto.,Invalid save: missing or corrupted file schema.
Salvataggio non compatibile con questa versione.,Save is not compatible with this version.
Salvataggio incompleto: dati del percorso mancanti.,Incomplete save: path data missing.
Salvataggio non valido: schema Level 3 mancante.,Invalid save: Level 3 schema missing.
Salvataggio non compatibile: schema Level 3 differente.,Incompatible save: different Level 3 schema.
Salvataggio legacy non supportato in L3.,Legacy save not supported in L3.
Salvataggio incompleto: stato del percorso mancante.,Incomplete save: path state missing.
Salvataggio non valido: dati Condanne non leggibili.,Invalid save: Sentence data cannot be read.
Salvataggio non valido: formato Condanne non supportato.,Invalid save: Sentence format not supported.
Salvataggio non valido.,Invalid save.
Salvataggio non valido: %s.,Invalid save: %s.
In arrivo.,Coming soon.
Interfaccia non inizializzata.\nElementi mancanti:\n- %s\n\nTorna al menu e riavvia.,Interface not initialized.\nMissing elements:\n- %s\n\nReturn to menu and restart.
[b]Effetto:[/b] %s,[b]Effect:[/b] %s
Nessuna scommessa attiva,No active wager
PERCORSO FALLITO,PATH FAILED
AGGIORNAMENTO DEL REGISTRO,REGISTRY UPDATE
Protocollo di classificazione completato.,Classification protocol complete.
Incasso registrato.,Cashout recorded.
Arena superata.,Arena cleared.
Condanna registrata.,Sentence recorded.
Ricompensa applicata. Il registro resta aperto per la prossima scommessa.,Reward applied. The registry remains open for the next wager.
Esito registrato. Puoi proseguire con la prossima scommessa.,Outcome recorded. You can proceed to the next wager.
Nessun premio assegnato. Il registro resta consultabile.,No reward assigned. The registry remains available.
nessuna annotazione registrata,no annotation recorded
Stato: chiusura definitiva.,Status: final closure.
Stato: scegli se proseguire o tornare al menu.,Status: choose whether to continue or return to menu.
[center]Registro Arena - Lettura amministrativa[/center],[center]Arena Registry - Administrative reading[/center]
incasso accettato,cashout accepted
arena continuata,arena continued
percorso registrato,path recorded
patto registrato,pact recorded
condanna registrata,sentence recorded
CONDANNA: %s,SENTENCE: %s
SELEZIONE GESTO,GESTURE SELECTION
La folla osserva la tua scelta.,The crowd watches your choice.
Arena speciale,Special arena
Firma una via. Il Registro annota il prezzo.,Sign a path. The Registry records the price.
Clausola non esposta.,Clause not exposed.
Firma focus: %s | Clausola: %s,Signature focus: %s | Clause: %s
Cicatrice,Scar
  Effetto: %s,  Effect: %s
  Origine: %s,  Origin: %s
[b]Cicatrici rilevanti:[/b],[b]Relevant scars:[/b]
FINAL: %s,FINAL: %s
ENDING ID: %s,ENDING ID: %s
ICONA: %s,ICON: %s
[b]Registro Finale[/b],[b]Final Registry[/b]
Corruzione,Corruption
Gloria,Glory
Cicatrici,Scars
Pattern,Pattern
Fascicolo chiuso,File closed
Il registro è aperto.,The registry is open.
Incassa la posta o rischiala nel prossimo rilancio.,Bank the stake or risk it on the next raise.
La condanna chiude il ciclo senza premio.,The sentence closes the cycle without reward.
Scegli un atto. La firma è irrevocabile.,Choose an act. The signature is irrevocable.
Nessun dettaglio.,No details.
+ %d dettagli nel registro.,+ %d registry details.
SPINGI LA SORTE,PUSH YOUR LUCK
CONDIZIONE: %s,CONDITION: %s
PATTO: %s,PACT: %s
NOTA: %s,NOTE: %s
INCASSO BLOCCATO: %s,CASHOUT LOCKED: %s
RADDOPPIO BLOCCATO: %s,DOUBLE LOCKED: %s
CONTESTO: %s,CONTEXT: %s
MODIFICA INCASSO: %s,CASHOUT MODIFIER: %s
Stato: in attesa di scelta.,Status: awaiting choice.
Chiudi il percorso e apri il registro finale.,Close the path and open the final registry.
Continua alla prossima arena con posta aumentata.,Continue to the next arena with increased stakes.
Stato: richiesta incasso non disponibile.,Status: cashout request unavailable.
Stato: richiesta condanna non disponibile.,Status: sentence request unavailable.
Stato: richiesta rilancio non disponibile.,Status: raise request unavailable.
Stato: richiesta non accettata. Scegli di nuovo.,Status: request not accepted. Choose again.
POSTA VIVA: +%d Gloria,LIVE STAKE: +%d Glory
GLORIA: %d,GLORY: %d
CORRUZIONE: %d,CORRUPTION: %d
Ottieni +%d Gloria,Gain +%d Glory
Corruzione -%d,Corruption -%d
chiudi il registro,close the registry
Prossima posta: +%d Gloria. Pressione +%d.,Next stake: +%d Glory. Pressure +%d.
Perdi la posta di +%d Gloria. Il percorso si chiude.,You lose the +%d Glory stake. The path closes.
FIRMA,SIGN
MOSTRA IL PATTO,SHOW THE PACT
APRI IL REGISTRO,OPEN THE REGISTRY
REGISTRO DELL'ARENA,ARENA REGISTRY
Apertura del verbale,OPENING THE RECORD
IL REGISTRO È CHIUSO,THE REGISTRY IS CLOSED
Il Registro è pronto per la firma.,The Registry is ready for a signature.
Ogni patto lascia un segno.,Every pact leaves a mark.
APRI,OPEN
Apri il registro.,Open the registry.
Il registro è chiuso. Aprilo per scegliere la via.,The registry is closed. Open it to choose the path.
SCEGLI LA VIA,CHOOSE THE PATH
Leggi la promessa e il costo. Poi firma.,Read the promise and the cost. Then sign.
CONDIZIONE,CONDITION
PATTO,PACT
registrato,recorded
continuato,continued
Atto registrato: %s. Stato: %s.,Act recorded: %s. Status: %s.
PATTO FALLITO,PACT FAILED
seleziona un'azione,select an action
scommessa rinunciata,wager refused
RIPROVA SCOMMESSA,RETRY WAGER
Stato: scelta acquisita.,Status: choice accepted.
Come è stata ottenuta:,How it was obtained:
Interfaccia non inizializzata.,Interface not initialized.
Elementi mancanti:,Missing elements:
Torna al menu e riavvia.,Return to menu and restart.
PATTO SIGILLATO,PACT SEALED
La pietra ha preso la firma.,The stone has taken the signature.
La gradinata attende il gesto.,The crowd awaits the gesture.
SEGNI,MARKS
Registro pulito: nessun segno inciso.,Clean Registry: no mark inscribed.
ATTO DAVANTI ALLA GRADINATA,ACT BEFORE THE CROWD
ABBASSA LO SGUARDO,LOWER YOUR GAZE
SFIDA LA GRADINATA,CHALLENGE THE CROWD
Il Registro annota misura.,The Registry records restraint.
Il Registro annota esposizione.,The Registry records exposure.
La gradinata pesa il tuo respiro.,The crowd weighs your breath.
La gradinata si quieta: il Registro vede prudenza.,The stands grow quiet: the Registry sees restraint.
Trattieni il gesto. L'arena concede ancora margine.,Hold back the gesture. The arena still allows some margin.
Non cercano vanto: aspettano se saprai durare.,They seek no boasting: they wait to see if you can endure.
La folla resta sospesa tra misura e sfida.,The crowd hangs between restraint and defiance.
Ogni sguardo chiede se terrai il passo.,Every gaze asks whether you will hold your ground.
La gradinata batte ferro: vuole vederti oltre.,The stands strike iron: they want to see you go further.
Il rischio sale e il Registro non distoglie gli occhi.,"Risk rises, and the Registry does not look away."
"Se cedi ora, il silenzio pesera piu della ferita.","If you yield now, the silence will weigh more than the wound."
Il tuo gesto li irrita. Ora vogliono il prezzo.,Your gesture irritates them. Now they demand the price.
Hai mostrato il fianco. Ti puniscono col silenzio.,You showed your flank. They punish you with silence.
Un gesto non basta. Vogliono vederti cedere.,One gesture is not enough. They want to see you yield.
Ti sei esposto. Ti vogliono spezzare.,You exposed yourself. They want to break you.
"Un gesto segnato, il debito resta.",A gesture recorded; the debt remains.
Il gesto è registrato. La pressione è cambiata.,The gesture is recorded. The pressure has changed.
Il gesto pesa poco. La folla resta ferma.,The gesture carries little weight. The crowd remains still.
Scelta fatta. Ti valutano senza voce.,Choice made. They judge you without a word.
Hai scelto il gesto. Ora spingono di più.,You chose the gesture. Now they press harder.
La folla ti segue. Vogliono il prossimo strappo.,The crowd follows you. They want the next rupture.
Il gesto accende l'arena. Ti vogliono oltre.,The gesture ignites the arena. They want you to go further.
Hai mosso la folla. Non fermarti ora.,You stirred the crowd. Do not stop now.
Un gesto debole. Ora ti strappano il rispetto.,A weak gesture. Now they tear away your standing.
Il gesto è sterile. Ti tengono in debito.,The gesture is barren. They keep you in debt.
"Il gesto li accende, ma chiedono il crollo.","The gesture ignites them, but they demand your collapse."
Il Registro pesa il patto.,The Registry weighs the pact.
Tre colpi chiudono il verbale.,Three strikes close the record.
COLPISCI,STRIKE
COLPISCI ANCORA,STRIKE AGAIN
SIGILLATO,SEALED
VERBALE INCISO - IL REGISTRO PUÒ AVANZARE,RECORD CARVED - THE REGISTRY MAY ADVANCE
FASCICOLO CHIUSO - COMPROMISSIONE,CASE FILE CLOSED - COMPROMISE
FASCICOLO CHIUSO - ASCESA,CASE FILE CLOSED - ASCENT
FASCICOLO CHIUSO - CONSUMO,CASE FILE CLOSED - ATTRITION
FASCICOLO CHIUSO - PATTERN,CASE FILE CLOSED - PATTERN
FASCICOLO CHIUSO,CASE FILE CLOSED
Il Registro conserva la traccia del percorso.,The Registry preserves the record of the path.
Il Registro chiude il fascicolo e classifica l'esito.,The Registry closes the case file and classifies the outcome.
Posta incassata. Il percorso è chiuso.,Stake banked. The path is closed.
Il patto regge: il percorso può proseguire.,The pact holds: the path may continue.
Condanna iscritta. I segni restano nel fascicolo.,Condemnation entered. The marks remain in the case file.
Pressione massima: %d/%d.,Peak pressure: %d/%d.
Patti e sblocchi sono stati aggiornati nell'Archivio.,Pacts and unlocks have been updated in the Archive.
%d condanne archiviate; il dettaglio resta nell'Archivio.,%d sentences archived; details remain in the Archive.
Nessun patto aggiuntivo da elencare: consulta l'Archivio per gli sblocchi.,No additional pacts to list: consult the Archive for unlocks.
Le nuove voci sono consultabili nell’Archivio.,New entries can be read in the Archive.
Il Registro resta aperto. Puoi proseguire o tornare al menu.,The Registry stays open. You can proceed or return to the menu.
rinunciato,declined
accettato,accepted
%d condizioni registrate,%d conditions recorded
I. APERTURA - CONSTATAZIONE,I. OPENING - FINDING
II. CORPO - LETTURA DEI PATTERN,II. BODY - PATTERN REVIEW
III. FRATTURA,III. FRACTURE
Stato finale: %s.,Final state: %s.
Il soggetto ha interrotto il ciclo prima della definizione.,The subject interrupted the cycle before classification.
Il soggetto ha completato il ciclo operativo.,The subject completed the operational cycle.
Il soggetto presenta un profilo registrabile.,The subject presents a recordable profile.
accettazione ricorrente di condizioni irreversibili,repeated acceptance of irreversible conditions
rifiuto della chiusura quando disponibile,refusal of closure when available
accumulo di Scar persistenti su più passaggi,accumulation of persistent Scars across multiple stages
reiterazione oltre l'utile con esposizione crescente,repetition beyond utility with increasing exposure
sacrificio di opzioni future registrato,sacrifice of future options recorded
Il profilo osservato eccede le soglie operative previste; classificazione mantenuta coerente.,The observed profile exceeds expected operating thresholds; classification remains consistent.
"Il profilo osservato non rientra pienamente nelle classi disponibili. Classificazione coerente, ma non conclusiva.","The observed profile does not fully fit the available classes. Classification is consistent, but not conclusive."
Precedente rilevato in memoria storica. Applicabilità non determinabile; classificazione incompleta.,Precedent detected in historical memory. Applicability cannot be determined; classification incomplete.
Stato registrato con parametri attivi. Chiusura finale non applicabile.,State recorded with active parameters. Final closure does not apply.
classificazione non conclusiva,inconclusive classification
classificazione incompleta,incomplete classification
registrato in sospensione,recorded in suspension
interruzione immediata,immediate interruption
segnato,marked
compromesso,compromised
in debito attivo,active debt
conforme al pubblico,aligned with the crowd
consumo completo,complete attrition
libertà registrata,liberty recorded
caduta amministrativa,administrative fall
non definito,undefined
Fascicolo aggiornato. Valutazione sospesa.,Case file updated. Assessment suspended.
Atto registrato. Campione insufficiente.,Record filed. Insufficient sample.
Dati acquisiti. Analisi in corso.,Data acquired. Analysis in progress.
Aggiornamento completato. Nessuna conclusione emessa.,Update complete. No conclusion issued.
Il soggetto resta in osservazione.,The subject remains under observation.
Archiviazione parziale. Raccolta incompleta.,Partial filing. Collection incomplete.
Evento conforme. Interpretazione rinviata.,Compliant event. Interpretation deferred.
Nuova evidenza inserita. Profilo non definito.,New evidence entered. Profile undefined.
Registrazione valida. Sentenza non autorizzata.,Valid record. Sentence not authorized.
Traiettoria non stabilizzata. Attendere ulteriori eventi.,Trajectory not stabilized. Await further events.
Documento acquisito. Il Registro non conclude.,Document acquired. The Registry does not conclude.
Pattern non consolidato. Prosecuzione richiesta.,Pattern not consolidated. Continuation required.
fascicolo registrato,case file recorded
Soglia di deviazione superata. Fascicolo chiuso.,Deviation threshold exceeded. Case file closed.
Corruzione confermata. Archiviazione definitiva.,Corruption confirmed. Final filing complete.
Indice di compromissione: critico. Sentenza emessa.,Compromise index: critical. Sentence issued.
Integrità del soggetto: insufficiente. Caso concluso.,Subject integrity: insufficient. Case concluded.
Deriva irreversibile rilevata. Il Registro conclude.,Irreversible drift detected. The Registry concludes.
Evidenza prevalente: debito. Fascicolo definito.,Prevailing evidence: debt. Case file defined.
Profilo compromesso. Non sono richiesti ulteriori dati.,Profile compromised. No further data required.
Scostamento oltre limite. Atto finale registrato.,Deviation beyond limit. Final record filed.
Indice di gloria: eccedente. Fascicolo chiuso.,Glory index: exceeding. Case file closed.
Rilevanza confermata. Archiviazione definitiva.,Relevance confirmed. Final filing complete.
Profilo di eccezione registrato. Sentenza emessa.,Exceptional profile recorded. Sentence issued.
Valore del soggetto: determinato. Caso concluso.,Subject value: determined. Case concluded.
Evidenza prevalente: ascesa. Il Registro conclude.,Prevailing evidence: ascent. The Registry concludes.
Traccia storica sufficiente. Fascicolo definito.,Historical record sufficient. Case file defined.
Comportamento coerente con grandezza. Atto finale registrato.,Behavior consistent with greatness. Final record filed.
Risultato consolidato. Non sono richiesti ulteriori dati.,Outcome consolidated. No further data required.
Danno permanente rilevato. Fascicolo chiuso.,Permanent damage detected. Case file closed.
Cicatrici critiche registrate. Archiviazione definitiva.,Critical scars recorded. Final filing complete.
Stato del soggetto: degradato. Sentenza emessa.,Subject state: degraded. Sentence issued.
Accumulo irreversibile. Caso concluso.,Irreversible accumulation. Case concluded.
Integrità fisica compromessa. Il Registro conclude.,Physical integrity compromised. The Registry concludes.
Evidenza prevalente: consumo. Fascicolo definito.,Prevailing evidence: attrition. Case file defined.
Segni sufficienti. Non sono richiesti ulteriori dati.,Sufficient marks. No further data required.
Profilo stabilizzato su consumo. Atto finale registrato.,Profile stabilized on attrition. Final record filed.
Campione minimo raggiunto. Fascicolo chiuso.,Minimum sample reached. Case file closed.
Pattern confermato. Archiviazione definitiva.,Pattern confirmed. Final filing complete.
Coerenza comportamentale stabilita. Sentenza emessa.,Behavioral consistency established. Sentence issued.
Traiettoria consolidata. Caso concluso.,Trajectory consolidated. Case concluded.
Dati sufficienti per definizione. Il Registro conclude.,Sufficient data for classification. The Registry concludes.
Ripetizione significativa rilevata. Fascicolo definito.,Significant repetition detected. Case file defined.
Profilo determinato per frequenza. Atto finale registrato.,Profile determined by frequency. Final record filed.
Analisi completata. Non sono richiesti ulteriori dati.,Analysis complete. No further data required.
+%d altre,+%d more
Non mi fermerò.,I will not stop.
Ancora.,Again.
Finche regge.,As long as it holds.
Non dovevo provarci.,I should not have tried.
Firmato.,Signed.
Sapevo cosa stavo facendo.,I knew what I was doing.
L'ho accettato.,I accepted it.
Era il prezzo.,It was the price.
So come finisce.,I know how it ends.
Non oggi.,Not today.
Ho visto abbastanza.,I have seen enough.
Mi sono fermato.,I stopped.
È finita così.,This is how it ended.
Non abbastanza.,Not enough.
Troppo tardi.,Too late.
Non e colpa loro.,It is not their fault.
Ricordato.,Remembered.
Visto dal pubblico.,Seen by the crowd.
Il tuo nome.,Your name.
Non sarà l'ultima.,It will not be the last.
Registro: Compromissione.,Registry: Compromise.
Registro: Ascesa.,Registry: Ascent.
Registro: Consumo.,Registry: Attrition.
Registro: Pattern.,Registry: Pattern.
Caduta finale. Hanno avuto il rischio.,Final fall. They got the risk they wanted.
Caduta nuda. Nessuno ti ricorda.,A bare fall. No one remembers you.
Caduta secca. Il pubblico non reagisce.,A blunt fall. The crowd does not react.
Continui e li nutri. Vogliono il tuo errore.,You continue and feed them. They want your mistake.
Continui per orgoglio. Ti vogliono in ginocchio.,You continue out of pride. They want you on your knees.
Continui. La folla vuole il prossimo taglio.,You continue. The crowd wants the next cut.
"Continui. Nessun applauso, solo attesa.","You continue. No applause, only waiting."
Continui. Nessuno ti deve niente.,You continue. No one owes you anything.
Continui. Ora ti vogliono sanguinare.,You continue. Now they want to see you bleed.
Così finisci. La folla non ti piange.,This is how you end. The crowd does not mourn you.
È finita. Il pubblico prende il tuo nome.,It is over. The crowd takes your name.
È finita. Solo occhi fermi.,It is over. Only fixed eyes remain.
Fine della corsa. Il silenzio resta.,The run is over. The silence remains.
Fine violenta. La folla ha ciò che voleva.,A violent end. The crowd got what it wanted.
Firma asciutta. Ti contano come errore.,A dry signature. They count you as a mistake.
Firma e alza il rischio. Ti chiedono il salto.,Sign and raise the risk. They demand the leap.
Firma fatta. Aspettano il tuo crollo.,Signature made. They await your collapse.
Hai chiuso la mano. Il silenzio pesa.,You closed your hand. The silence weighs heavily.
Hai firmato forte. L'arena vuole vedere.,You signed boldly. The arena wants to see.
Hai firmato male. Ora ti vogliono spezzato.,You signed poorly. Now they want you broken.
Hai firmato troppo forte. Ora vogliono la tua rovina.,You signed too boldly. Now they want your ruin.
Hai firmato. Nessuno ti dà tregua.,You signed. No one gives you respite.
Hai firmato. Ora non ti vogliono intero.,You signed. Now they do not want you whole.
Hai incassato per paura. Ora paghi doppio.,You cashed out in fear. Now you pay twice.
Hai perso come volevano. Non ti lasciano il nome.,You lost as they wanted. They do not leave you your name.
Hai perso. L'arena resta accesa.,You lost. The arena stays alight.
Hai rifiutato l'uscita. Ti puniscono con occhi feroci.,You refused the exit. They punish you with fierce eyes.
Hai rilanciato. Ora vogliono il colpo finale.,You raised again. Now they want the final blow.
Hai scelto di continuare. L'arena prende nota.,You chose to continue. The arena takes note.
Hai scelto di restare. Non chiamarla coraggio.,You chose to stay. Do not call it courage.
Hai scelto l'uscita. La folla ti mette il conto.,You chose the exit. The crowd hands you the bill.
Hai segnato il destino. Ti vogliono a terra.,You marked your fate. They want you on the ground.
Hai spento il delirio. Ora ti chiedono sangue.,You ended the frenzy. Now they demand blood.
Hai spento la corsa. La folla voleva il salto.,You stopped the run. The crowd wanted the leap.
Il brusio non concede riparo.,The murmur offers no shelter.
Il delirio ti brucia addosso.,The frenzy burns against you.
Il patto accende la folla. Spingi ora.,The pact ignites the crowd. Push now.
Il patto è inciso. Ti misurano.,The pact is carved. They measure you.
Il patto ti lega. La folla annusa il sangue.,The pact binds you. The crowd smells blood.
"Il pubblico calcola, non parteggia.",The crowd calculates; it does not take sides.
Il Registro sente una folla senza indulgenza.,The Registry hears a crowd without mercy.
Il silenzio pesa più dell'acciaio.,The silence weighs more than steel.
"Il tuo nome urla, ma il prezzo sale.","Your name roars, but the price rises."
Incassi e scappi. Non ti lasciano respirare.,You cash out and flee. They do not let you breathe.
Incassi e vai. Il giudizio resta.,You cash out and leave. The judgment remains.
Incassi mentre vogliono di più. Ti giudicano.,You cash out while they want more. They judge you.
Incasso facile. Il silenzio ti pesa addosso.,An easy cashout. The silence weighs on you.
Incasso preso. Il pubblico non si muove.,Cashout taken. The crowd does not move.
L'arena ti pesa addosso.,The arena weighs on you.
La firma pesa. Il pubblico resta in giudizio.,The signature weighs heavily. The crowd keeps judging.
"La folla chiama sangue, non prudenza.","The crowd calls for blood, not caution."
La folla in furia pretende una caduta registrata.,The furious crowd demands a recorded fall.
La folla ti vuole oltre. La firma è l'inizio.,The crowd wants you beyond the limit. The signature is only the beginning.
La gradinata rifiuta la tua uscita.,The stands reject your exit.
"Nessun calore, solo misura.","No warmth, only measure."
"Nessun grido, solo occhi fissi.","No cries, only fixed eyes."
"Non applaudono, registrano.",They do not applaud; they record.
Non cercano vittoria: cercano il prezzo.,They do not seek victory: they seek the price.
Non ti credono degno di chiudere il patto.,They do not deem you worthy of closing the pact.
Ogni colpo chiede di più.,Every blow demands more.
Ogni mossa apre un conto.,Every move opens an account.
Ogni passo indietro diventa accusa.,Every step back becomes an accusation.
Patto chiuso. L'arena ti osserva.,Pact closed. The arena watches you.
"Per loro sei garanzia, non campione.","To them you are collateral, not a champion."
Perduto. Il loro giudizio resta addosso.,Lost. Their judgment clings to you.
Qui la cautela viene letta come debito.,Here caution is read as debt.
Resti dentro. La folla pretende il tuo errore.,You stay in. The crowd demands your mistake.
Resti dentro. Ti chiedono l'eccesso.,You stay in. They demand excess.
Resti. Nessuno ti salva.,You stay. No one saves you.
Rimani. Il pubblico ti pesa addosso.,You remain. The crowd weighs on you.
"Se esiti, la pressione ti stringe.","If you hesitate, the pressure tightens."
"Se rallenti, ti strappano la gloria.","If you slow down, they tear away your glory."
Sei caduto. Hanno avuto il sangue.,You fell. They got their blood.
Sei caduto. Ti volevano in ginocchio.,You fell. They wanted you on your knees.
Sei crollato. Hanno avuto il sacrificio.,You collapsed. They got their sacrifice.
Sei crollato. Nessun suono.,You collapsed. Not a sound.
Ti alzano in alto per pesare la caduta.,They lift you high to weigh the fall.
"Ti concedono spazio, non rispetto.","They grant you space, not respect."
Ti fermi mentre urlano. Ora è delusione.,You stop while they roar. Now comes disappointment.
Ti fermi qui. Nessuno ti segue.,You stop here. No one follows you.
Ti osservano e aspettano l'errore.,They watch you and wait for the mistake.
Ti seguono senza pietà né favore.,They follow you without pity or favor.
Ti sei fermato in alto. Ti lasciano cadere.,You stopped at the top. They let you fall.
Ti sei fermato. Troppo presto per essere pulito.,You stopped. Too early to be clean.
Ti sei tirato indietro. La folla non dimentica.,You pulled back. The crowd does not forget.
Ti spingi avanti. L'arena grida il rischio.,You push onward. The arena cries out for risk.
Ti spingono al gesto che lascia segno.,They drive you toward the gesture that leaves a mark.
"Ti vogliono oltre il limite, senza ritorno.","They want you beyond the limit, with no return."
"Vogliono che tu rischi tutto, ora.","They want you to risk everything, now."
Vogliono vedere il conto saldato in arena.,They want to see the debt settled in the arena.
Come e' stata ottenuta:,How it was obtained:
"[center][i]Sigillo del Registro - la folla arretra, il verbale resta.[/i][/center]","[center][i]Registry seal - the crowd retreats, the record remains.[/i][/center]"
Condizione registrata.,Condition recorded.
Configurazione stabile.,Stable configuration.
Oscillazione registrata.,Fluctuation recorded.
Campionamento incompleto.,Incomplete sampling.
Deviazione contenuta.,Deviation contained.
Esito previsto.,Expected outcome.
Deviazione improbabile.,Deviation unlikely.
VIA DELLA PRUDENZA,PATH OF PRUDENCE
"Tieni il margine. Ricompensa bassa, pressione stabile.","Keep a margin. Low reward, steady pressure."
"Ricompensa contenuta: registri poco, ma tieni margine e pressione sotto controllo.","Modest reward: record little, but keep a margin and control the pressure."
Vinci l'arena senza rilanciare la pressione.,Win the arena without raising the pressure.
"Hai scelto il margine.
La folla non esulta, ma il Registro resta aperto.
L'arena lascia comunque il segno.
Effetto: cicatrice OSSA INCRINATE, ogni futura scommessa più rischiosa.","You chose a margin.
The crowd does not cheer, but the Register stays open.
The arena still leaves its mark.
Effect: CRACKED BONES scar; future wagers remain risky."
Hai scelto il margine.,You chose a margin.
"La folla non esulta, ma il Registro resta aperto.","The crowd does not cheer, but the Register stays open."
L'arena lascia comunque il segno.,The arena still leaves its mark.
"Effetto: cicatrice OSSA INCRINATE, ogni futura scommessa più rischiosa.",Effect: CRACKED BONES scar; every future wager is riskier.
VIA DELL'HYBRIS,PATH OF HUBRIS
"Spingi oltre. Ritorno alto, margine nullo.","Push further. High return, no margin."
"Ricompensa alta: moltiplica la posta, ma ogni rilancio alza la pressione.","High reward: multiply the stake, but every double raises the pressure."
Vinci l'arena accettando che il fallimento chiuda il percorso.,Win the arena knowing failure ends the path.
"Hai promesso tutto.
Non esiste margine.
La folla trattiene il fiato.
Effetto: il percorso si chiude senza appello.","You promised everything.
There is no margin.
The crowd holds its breath.
Effect: the path closes without appeal."
Hai promesso tutto.,You promised everything.
Non esiste margine.,There is no margin.
Effetto: il percorso si chiude senza appello.,Effect: the path closes without appeal.
Firmi e rinunci alla via facile. Il debito resta aperto.,You sign away the easy path. The debt stays open.
Vinci l'arena e non spezzare la promessa.,Win the arena without breaking the promise.
"Il sigillo non si scioglie.
Ogni passo stringe il debito.
Effetto: cicatrice MARCHIO DEL DEBITO, ogni futura scommessa pesa di più.","The seal does not dissolve.
Each step tightens the debt.
Effect: DEBT BRAND scar; every future wager weighs more."
Il sigillo non si scioglie.,The seal does not dissolve.
Ogni passo stringe il debito.,Each step tightens the debt.
"Effetto: cicatrice MARCHIO DEL DEBITO, ogni futura scommessa pesa di più.",Effect: DEBT BRAND scar; every future wager weighs more.
Iscrivi il tuo nome nel registro rosso.,Enter your name in the red ledger.
Vinci l'arena sapendo che ogni colpo ha un prezzo.,Win the arena knowing every strike has a price.
"Il libro chiede sangue.
Il tributo è inciso nella carne.
Effetto: il Registro annota un'esposizione grave e la quietanza resta chiusa per un'arena.","The ledger demands blood.
The tribute is carved into flesh.
Effect: the Registry notes a grave exposure and the receipt stays closed for one arena."
Il libro chiede sangue.,The ledger demands blood.
Il tributo è inciso nella carne.,The tribute is carved into flesh.
Effetto: il Registro annota un'esposizione grave e la quietanza resta chiusa per un'arena.,Effect: the Registry notes a grave exposure and the receipt stays closed for one arena.
Offri la vittoria come carne alla folla.,Offer victory as meat to the crowd.
Vinci l'arena e lascia il pubblico in estasi.,Win the arena and leave the crowd in ecstasy.
"La folla pretende spettacolo.
Un passo falso diventa scherno.
Effetto: cicatrice MARCHIO DELLA VERGOGNA, arene più dure.","The crowd demands a spectacle.
One false step becomes mockery.
Effect: SHAME BRAND scar; harsher arenas."
La folla pretende spettacolo.,The crowd demands a spectacle.
Un passo falso diventa scherno.,One false step becomes mockery.
"Effetto: cicatrice MARCHIO DELLA VERGOGNA, arene più dure.",Effect: SHAME BRAND scar; harsher arenas.
Rilanci oltre il respiro.,Wager beyond your last breath.
Vinci l'arena con il cuore in gola.,Win the arena with your heart in your throat.
"Ogni colpo è l'ultimo.
Il destino stringe il passo.
Effetto: cicatrice GRAVE, cammino compromesso.","Every strike is the last.
Fate narrows the path.
Effect: SEVERE scar; the path is compromised."
Ogni colpo è l'ultimo.,Every strike is the last.
Il destino stringe il passo.,Fate narrows the path.
"Effetto: cicatrice GRAVE, cammino compromesso.",Effect: SEVERE scar; the path is compromised.
Accetti il verdetto scritto nel sangue.,Accept the verdict written in blood.
"Il verdetto è sangue.
Il tributo non si discute.
Effetto: il Registro annota un'esposizione grave e la quietanza resta chiusa per un'arena.","The verdict is blood.
The tribute is not negotiable.
Effect: the Registry notes a grave exposure and the receipt stays closed for one arena."
Il verdetto è sangue.,The verdict is blood.
Il tributo non si discute.,The tribute is not negotiable.
Giuri e consegni il futuro.,Swear the oath and surrender the future.
"Il giuramento stringe la catena.
Ogni passo pesa il doppio.
Effetto: cicatrice MARCHIO DEL DEBITO, ogni futura scommessa pesa di più.","The oath tightens the chain.
Each step weighs twice as much.
Effect: DEBT BRAND scar; every future wager weighs more."
Il giuramento stringe la catena.,The oath tightens the chain.
Ogni passo pesa il doppio.,Each step weighs twice as much.
Offri pietà come spettacolo.,Offer mercy as a spectacle.
"La misericordia è una trappola.
Il pubblico pretende il crollo.
Effetto: cicatrice MARCHIO DELLA VERGOGNA, arene più dure.","Mercy is a trap.
The crowd demands collapse.
Effect: SHAME BRAND scar; harsher arenas."
La misericordia è una trappola.,Mercy is a trap.
Il pubblico pretende il crollo.,The crowd demands collapse.
"Paghi per tacere, firmi comunque.","You pay for silence, but still sign."
Vinci l'arena senza cercare scuse.,Win the arena without seeking excuses.
"Il silenzio costa più della parola.
La catena non si allenta.
Effetto: cicatrice MARCHIO DEL DEBITO, ogni futura scommessa pesa di più.","Silence costs more than words.
The chain does not loosen.
Effect: DEBT BRAND scar; every future wager weighs more."
Il silenzio costa più della parola.,Silence costs more than words.
La catena non si allenta.,The chain does not loosen.
Il pubblico è dalla tua parte. Sempre.,The crowd is on your side. Always.
"Respiri corto.
Ogni colpo è l'ultimo.
Il destino pesa sulle ossa.
Effetto: cicatrice GRAVE, cammino compromesso.","Your breath is short.
Every strike is the last.
Fate weighs on your bones.
Effect: SEVERE scar; the path is compromised."
Respiri corto.,Your breath is short.
Il destino pesa sulle ossa.,Fate weighs on your bones.
SIGILLO DI CERA,WAX SEAL
"Il debito resta aperto, ma il Registro concede margine.","The debt stays open, but the Register grants a margin."
LIBRO DI SANGUE,BLOOD LEDGER
Il tributo alza la posta e sporca ogni vittoria.,The tribute raises the stake and stains every victory.
BANCHETTO DELLA FOLLA,CROWD FEAST
La folla paga in gloria e pretende spettacolo.,The crowd pays in glory and demands a spectacle.
ULTIMA PUNTATA,LAST WAGER
"Rilanci oltre il respiro: alto ritorno, margine fragile.","Wager beyond your breath: high return, fragile margin."
VERDETTO ROSSO,RED VERDICT
Accetti che ogni colpo abbia costo amministrativo.,Accept the administrative cost of every strike.
GIURAMENTO A CATENA,CHAIN OATH
"Patto stabile: meno caos, più debito.","A steady pact: less chaos, more debt."
ESCA DI MISERICORDIA,MERCY BAIT
La pietà diventa scena: il pubblico giudica la posa.,Mercy becomes a performance: the crowd judges the pose.
TANGENTE DEL SILENZIO,SILENCE BRIBE
"Paghi per tacere: pressione più bassa, debito più saldo.","Pay for silence: lower pressure, firmer debt."
APPLAUSO GARANTITO,GUARANTEED APPLAUSE
"La promessa è falsa, ma il rischio è vero.","The promise is false, but the risk is real."
L'arena dimentica. Il Registro no.,The arena forgets. The Registry does not.
Il tuo passaggio è registrato.,Your passage is recorded.
RIPRENDI IL PERCORSO,RESUME YOUR PATH
CREDITS_BODY,"GALLICUS

A game about risk and the traces it leaves.

Thank you to everyone taking part in the playtest."
PATTI DISPONIBILI,AVAILABLE PACTS
Ogni rischio accettato lascia un segno.,Every accepted risk leaves a mark.
Il Registro conserva le tue scelte.,The Registry preserves your choices.
SALTA,SKIP
Hai rifiutato l'incasso quando potevi fermarti.,You refused to cash out when you could have stopped.
"Il pubblico aveva gia contato le monete.
Tu hai chiuso il pugno.","The crowd had already counted the coins.
You closed your fist."
Hai rifiutato l'incasso piu di una volta nella stessa run.,You refused to cash out more than once in the same run.
"La folla ha smesso di gridare.
Ha iniziato a guardare.","The crowd stopped shouting.
It started watching."
Hai continuato a rilanciare quando il rischio era ormai evidente.,You kept raising the stakes when the risk was already clear.
"Non era piu una scommessa.
Era una dimostrazione.","It was no longer a wager.
It was a demonstration."
Hai rilanciato e perso il percorso subito dopo.,You raised the stakes and lost the run immediately afterward.
"Il silenzio dell'arena
e durato piu del previsto.","The silence in the arena
lasted longer than expected."
Hai firmato il tuo primo patto.,You signed your first pact.
Nessuno ti ha forzato la mano.,No one forced your hand.
Hai firmato un patto che ha chiuso il percorso.,You signed a pact that closed the path.
"La sentenza era scritta.
Hai solo aggiunto il nome.","The sentence was written.
You only added your name."
Hai scelto una condanna senza ricevere alcun reward.,You chose a sentence without receiving any reward.
"Nessun premio sul banco.
La condanna è iscritta.","No reward on the counter.
The condemnation is entered."
Hai perso il percorso a causa diretta di un patto firmato.,You lost the run as a direct result of a signed pact.
"Il costo era nel patto.
Ora è nel fascicolo.","The cost was in the pact.
Now it is in the case file."
Hai continuato una run nonostante le tue condizioni critiche.,You continued a run despite your critical condition.
Il corpo era gia un avviso.,Your body was already a warning.
Hai evitato la chiusura per un soffio.,You narrowly escaped closure.
"Il pubblico ha sospirato.
Tu no.","The crowd sighed.
You did not."
Hai incassato dopo una sequenza di scelte rischiose.,You cashed out after a series of risky choices.
"La quietanza porta la cifra incassata.
Le firme restano dove sono.","The receipt bears the amount banked.
The signatures stay where they are."
Hai incassato con un livello di rischio estremamente alto.,You cashed out at an extremely high level of risk.
Questa volta.,This time.
Hai perso la tua prima run.,You lost your first run.
L'arena non fa sconti ai nuovi.,The arena makes no allowances for newcomers.
Hai perso il percorso vicino a una soglia decisiva.,You lost the run close to a decisive threshold.
"Il percorso si è chiuso.
Il verbale si ferma qui.","The path has closed.
The record stops here."
Hai preso una decisione rischiosa un attimo prima della fine.,You made a risky decision just before the end.
"L’ultimo rischio è iscritto.
Dopo, il verbale si chiude.","The last risk is entered.
After it, the record closes."
Hai perso il percorso senza errori meccanici evidenti.,You lost the run without any obvious mechanical mistakes.
Nessuno ha barato.,No one cheated.
Hai completato una run.,You completed a run.
Il percorso ha una copia nel Registro.,The path has a copy in the Registry.
Hai attirato l'attenzione totale della folla.,You drew the full attention of the crowd.
Non eri piu solo.,You were no longer alone.
Il pubblico ha iniziato a riconoscerti.,The crowd began to recognize you.
Ora sanno chi sei.,Now they know who you are.
Sei tornato all'arena dopo una sconfitta.,You returned to the arena after a defeat.
L'arena e ancora li.,The arena is still there.
Il Registro ha chiuso il fascicolo per compromissione (ending_corruption).,The Registry closed the dossier for compromise.
"La deviazione ha superato la soglia.
Il Registro ha emesso chiusura definitiva.","The deviation exceeded the threshold.
The Registry ordered final closure."
Il Registro ha chiuso il fascicolo per ascesa (ending_glory).,The Registry closed the dossier for ascension.
"L'evidenza di ascesa e risultata prevalente.
Il fascicolo e stato definito.","The evidence of ascension prevailed.
The dossier was settled."
Il Registro ha chiuso il fascicolo per consumo (ending_scars).,The Registry closed the dossier for exhaustion.
"L'accumulo di consumo e stato ritenuto definitivo.
Il Registro ha concluso l'atto.","The accumulated wear was deemed final.
The Registry concluded the record."
Il Registro ha chiuso il fascicolo per pattern consolidato (ending_pattern).,The Registry closed the dossier for an established pattern.
"La ripetizione e risultata sufficiente.
La classificazione è stata archiviata.","The repetition was sufficient.
The classification was archived."
CATENA DI DEBITO,CHAIN OF DEBT
DECIMA DI SANGUE,BLOOD TITHE
PIACERE AL PUBBLICO,PLEASE THE CROWD
ULTIMO RESPIRO,LAST BREATH
CAMBIALE DI SANGUE,BLOOD NOTE
PEGNO DI CARNE,PLEDGE OF FLESH
USURA SACRA,SACRED USURY
CONFISCA,CONFISCATION
VANTO A LAMA,A BLADED BOAST
SPECCHIO ROTTO,BROKEN MIRROR
CORONA DI POLVERE,CROWN OF DUST
OCCHI SU DI TE,EYES ON YOU
DIECI SECONDI,TEN SECONDS
ULTIMO BATTITO,LAST HEARTBEAT
RESPIRO RUBATO,STOLEN BREATH
ORA CORTA,SHORT HOUR
NESSUNA PERDITA,NO LOSS
APPLAUDE SENZA RISCHIO,APPLAUSE WITHOUT RISK
PAGAMENTO DOPO,PAYMENT LATER
Arena del Debito,Debt Arena
Arena del Silenzio,Silence Arena
Arena del Sangue,Blood Arena
Il fascicolo conserva gli esiti. Qui ritrovi i vincoli delle promesse disponibili.,The dossier preserves outcomes. Here you can revisit the terms of available promises.
La gradinata ricorda l'esposizione. Le sue voci si sono fatte più dure.,The stands remember your exposure. Their voices have grown harsher.
La gradinata accompagna i gesti. Le sue voci non sono il responso del Registro.,The stands respond to gestures. Their voices are not the Registry's verdict.
ESCI DAL GIOCO,EXIT GAME
Gufo scrivano,Owl scribe
"Nerio allinea le copie con il bordo dell’ala. Di una raschiatura ricorda il punto esatto, non perché gli sia stata chiesta. Una pagina storta gli lascia il lavoro a metà.","Nerio aligns copies with the edge of his wing. He remembers exactly where a scraping was made, not why it was requested. A crooked page leaves his work unfinished."
Gufo delle quote,Owl of the odds
Vessa tiene il piumaggio composto e conta gli spazi vuoti sulla tavola delle quote. Gli altri le mostrano le ferite; lei guarda quanto margine rimane.,Vessa keeps her plumage neat and counts the empty spaces on the odds board. Others show her their wounds; she looks at how much margin is left.
Gufo banditore,Owl herald
Orvo tiene un ciuffo verso i colleghi e l’altro verso la gradinata. Prova il richiamo sottovoce. Prima di lanciarlo aspetta che l’ultima fila ascolti: un annuncio sprecato non lo recupera.,"Orvo keeps one tuft turned towards his colleagues and the other towards the stands. He rehearses under his breath. Before calling out, he waits for the back row to listen: a wasted announcement cannot be taken back."
Nerio: Aspetta. La firma è ancora fresca.,Nerio: Wait. The signature is still fresh.
Vessa: Intanto posso vendere il margine.,Vessa: I can sell the margin while we wait.
Orvo: Posso annunciarlo?,Orvo: May I announce it?
Nerio: Quando hai finito di muovermi la copia.,Nerio: Once you stop moving my copy.
Vessa: Fra quelle righe ci sta ancora qualcosa.,Vessa: There is room for something between those lines.
Nerio: Ci sta la raschiatura. Lascia stare.,Nerio: Room to scrape. Leave it alone.
Orvo: Dall’ultima fila non mi sentono.,Orvo: They cannot hear me in the back row.
Vessa: Ma restano seduti. Continua.,Vessa: But they are still seated. Go on.
Vessa: La gradinata aspetta.,Vessa: The stands are waiting.
Orvo: Aspetto che smettano di parlare.,Orvo: I am waiting for them to stop talking.
Nerio: Hai saltato l’ultima riga.,Nerio: You skipped the last line.
Orvo: La tengo per quando ascoltano.,Orvo: I am saving it for when they listen.
Nerio: Un’altra copia.,Nerio: Another copy.
Vessa: Il margine lo prendo io.,Vessa: I will take the margin.
Orvo: Lo stesso annuncio?,Orvo: The same announcement?
Nerio: Guarda il foglio.,Nerio: Look at the page.
Vessa: È rimasto margine?,Vessa: Any margin left?
Nerio: Serve a me.,Nerio: I need it.
Orvo: L’ultima fila non sente.,Orvo: The back row cannot hear.
Vessa: Ma resta.,Vessa: But it stays.
Vessa: Aspettano.,Vessa: They are waiting.
Orvo: Aspetto anch’io.,Orvo: So am I.
Nerio: L’annuncio?,Nerio: The announcement?
Orvo: Manca l’ultima riga.,Orvo: One line left.
GUFI DELL’ARENA,OWLS OF THE ARENA
Voci dei Gufi,Voices of the Owls
Gallo della soglia,Rooster at the threshold
"Rugo liscia sempre la stessa penna del petto. Nella cresta ha una tacca dei giorni in cui copriva gli annunci. Ora ascolta dalla soglia, col becco basso. La voce ce l’ha ancora; sceglie quando usarla.","Rugo keeps smoothing the same breast feather. The notch in his comb dates from when he drowned out the announcements. Now he listens from the threshold, beak lowered. He still has his voice; he chooses when to use it."
Gallina della gradinata,Hen in the stands
Dima tiene la zampa sul posto accanto finché la gradinata si riempie. Poi la toglie. Le basta il passo sulla pietra per sapere chi è arrivato. Vessa conta i posti; Dima ricorda chi ci sedeva.,Dima keeps her claw on the next seat until the stands fill up. Then she lifts it. A footstep on stone tells her who has arrived. Vessa counts seats; Dima remembers who sat in them.
Rugo: Hai copiato anche la tacca?,Rugo: Did you copy the notch too?
Nerio: Sul foglio non c’era.,Nerio: It was not on the page.
"Vessa: Quel posto è libero, Dima.","Vessa: That seat is free, Dima."
Dima: Il righello lascialo dov’è.,Dima: Leave the ruler where it is.
"Orvo: Non canti più, Rugo?","Orvo: No more crowing, Rugo?"
Rugo: Aspetto che finisca il tuo richiamo.,Rugo: I am waiting for your call to end.
"Dima: Ti ho sentito arrivare, prima del richiamo.","Dima: I heard you coming, before the call."
Rugo: Il passo non l’ho cambiato.,Rugo: I have not changed my step.
Rugo: La tacca resta.,Rugo: The notch remains.
Nerio: Qui non c’è.,Nerio: It is not here.
Vessa: Posso misurare?,Vessa: May I measure?
Dima: Fino a qui.,Dima: This far.
"Orvo: Rugo, ci sei?","Orvo: Rugo, are you there?"
Rugo: Ho ancora voce.,Rugo: I still have a voice.
Dima: Lo stesso passo.,Dima: The same step.
Rugo: Mi hai sentito.,Rugo: You heard me.
PRESENZE DELL’ARENA,FACES OF THE ARENA
Voci dell’arena,Voices of the arena
Registro,Registry
Terminale rituale · stato,Ritual terminal · status
La prima copia,The first copy
La tavoletta entra qui. Guarda il vetro: torna soltanto ciò che hai accettato.,The tablet goes in here. Look at the glass: only what you accepted comes back.
"INGRESSO APERTO
Nessuna promessa iscritta.","ENTRY OPEN
No promise inscribed."
E quando Orvo copriva la mia voce? Qui arrivava qualcosa?,And when Orvo drowned me out? Did anything reach this thing?
Arrivava la firma.,Your signature did.
Io avevo finito il fiato. Quella l’hai presa tutta?,I had no breath left. Did you get all of it?
"Tutta. È qui, se vuoi controllare.","All of it. It is here, if you want to check."
La stessa riga,The same line
Un altro foglio. Il posto accanto è ancora vuoto.,Another page. The seat beside me is still empty.
Lo riconosceresti ancora dal passo?,Would you still know those footsteps?
Si fermava qui. Orvo ora tira dritto con l’annuncio. Non lascia più quella pausa.,They stopped here. Orvo goes straight through his announcement now. He leaves no pause.
"ARCHIVIO DISPONIBILE
Tracce conservate.","ARCHIVE AVAILABLE
Traces preserved."
Ho cambiato la tavoletta. Guarda: il solco torna proprio qui.,I replaced the tablet. Look: the groove comes back right here.
"Sì, lo vedo. Ma ti stavo parlando del posto.","Yes, I see it. But I was talking about the seat."
Il posto accanto,The next seat
Ho allineato anche l’ultima pila. Non resta nulla fuori margine.,I aligned the last stack too. Nothing remains outside the margin.
Dalla soglia entra ancora aria. La senti?,There is still air coming through the threshold. Can you feel it?
Il posto accanto lo lascio libero.,I am leaving the next seat free.
Non lo tieni più?,You are no longer keeping it?
No. Tolgo la zampa.,No. I am moving my claw.
Allora resto qui. Senza chiamare.,Then I will stay here. Without calling.
ASCOLTA,LISTEN
TORNA AL RITO,RETURN TO THE RITE
SALTA DIALOGO,SKIP DIALOGUE
Gloria %d,Glory %d
Arena %d,Arena %d
La quietanza si apre dall'arena %d.,The receipt opens from arena %d.
Decima di Sangue: quietanza bloccata ancora per %d arena.,Blood Tithe: the receipt stays locked for %d more arena.
Hai placato la folla: raddoppio bloccato.,You calmed the crowd: doubling is locked.
Ultima arena: prendi la quietanza.,Final arena: take the receipt.
Arena del Disprezzo: quietanza vietata.,Arena of Contempt: the receipt is forbidden.
SE IL PATTO REGGE,IF THE PACT HOLDS
SE IL PATTO CEDE,IF THE PACT BREAKS
Nessun patto firmato.,No pact signed.
Gloria del percorso: %d,Path Glory: %d
Segni: %d,Marks: %d
NUOVE VOCI D'ARCHIVIO,NEW ARCHIVE ENTRIES
Se il patto cede: %s,If the pact breaks: %s
"CASO ANALOGO RILEVATO.
PRECEDENTE: FELIX GALLICUS.","ANALOGOUS CASE DETECTED.
PRECEDENT: FELIX GALLICUS."
"PRECEDENTE: FELIX GALLICUS.
FASCICOLO ANCORA APERTO.","PRECEDENT: FELIX GALLICUS.
FILE STILL OPEN."
NESSUNA ULTERIORE DECISIONE RILEVANTE.,NO FURTHER RELEVANT DECISIONS.
In posta %d Gloria,%d Glory at stake
Arena %d di %d,Arena %d of %d
La posta di %d Gloria resta in gioco. Pressione +%d.,The %d Glory stake stays in play. Pressure +%d.
Regge spesso,Holds often
Regge a volte,Holds sometimes
Regge di rado,Rarely holds
%s: +%d Gloria in posta.,%s: +%d Glory to the stake.
%s: la posta raddoppia.,%s: the stake doubles.
Perdi metà della posta.,You lose half the stake.
Perdi tutta la posta.,You lose the whole stake.
Il Registro resta aperto: incassa la posta o rilancia.,The Registry stays open: bank the stake or raise.
Ogni colpo mette alla prova la cera.,Every strike tests the wax.
IMPRIMI IL SIGILLO,IMPRINT THE SEAL
ALZA LA MANO,RAISE YOUR HAND
IL SIGILLO REGGE - COLPISCI ANCORA O ALZA LA MANO,THE SEAL HOLDS - STRIKE AGAIN OR RAISE YOUR HAND
SIGILLO PIENO - IL REGISTRO PUÒ AVANZARE,SEAL FULL - THE REGISTRY MAY ADVANCE
LA CERA SI INCRINA - IL SIGILLO CEDE,THE WAX CRACKS - THE SEAL GIVES WAY
Il sigillo regge: +%d Gloria in posta.,The seal holds: +%d Glory to the stake.
"Un altro colpo: %s, altri +%d Gloria. Se la cera si incrina, il patto cede.","Another strike: %s, +%d more Glory. If the wax cracks, the pact gives way."
La cera si incrina.,The wax cracks.
"Mostra un Segno alla gradinata: il sigillo regge, ma il corpo paga con Ossa incrinate (se ci sono già: Pressione +1). Una volta per percorso.","Show a Mark to the stands: the seal holds, but the body pays with Cracked Bones (if already there: Pressure +1). Once per path."
LA CERA SI INCRINA - MOSTRA UN SEGNO O LASCIA CEDERE,THE WAX CRACKS - SHOW A MARK OR LET IT GIVE WAY
LASCIA CEDERE,LET IT GIVE WAY
MOSTRA UN SEGNO,SHOW A MARK
IL SEGNO SALVA IL SIGILLO - IL CORPO PAGA,THE MARK SAVES THE SEAL - THE BODY PAYS
Segno mostrato alla gradinata,Mark shown to the stands
La gradinata vuole sangue.,The stands want blood.
La gradinata raccoglie la sabbia.,The stands are gathering sand.
La gradinata si annoia.,The stands are getting bored.
La gradinata trattiene il fiato.,The stands hold their breath.
Favore -1.,Favour -1.
Favore -2.,Favour -2.
"Favore +1, Pressione +1. Se il patto regge, posta +1.","Favour +1, Pressure +1. If the pact holds, stake +1."
Ti ripari: non cambia nulla.,You take cover: nothing changes.
"Favore +2, ma la sabbia lascia un Segno.","Favour +2, but the sand leaves a Mark."
"Favore +2, Pressione +1: l'occhio è già perduto.","Favour +2, Pressure +1: the eye is already lost."
"Favore +1, Pressione +1.","Favour +1, Pressure +1."
"Favore +1, Pressione -1.","Favour +1, Pressure -1."
"Favore -2, Pressione +1. Se il patto regge, posta +1.","Favour -2, Pressure +1. If the pact holds, stake +1."
Il sigillo ha retto: la gradinata approva.,The seal held: the stands approve.
Il sigillo ha ceduto: la gradinata si raffredda.,The seal gave way: the stands cool.
LA GRADINATA,THE STANDS
Favore %+d.,Favour %+d.
Ostile: blocca la quietanza.,Hostile: it blocks the receipt.
Fredda: la quietanza rende meno.,Cold: the receipt pays less.
Ben disposta: il sigillo regge un po' di più.,Well disposed: the seal holds a little more often.
Ti acclama: il sigillo regge di più.,Cheering you: the seal holds more often.
LA GRADINATA TI PORTA: posta +2.,THE STANDS CARRY YOU: stake +2.
"LA GRADINATA SI RIVOLTA: un Segno, Pressione +1.","THE STANDS TURN ON YOU: a Mark, Pressure +1."
Scambio %d di %d:,Exchange %d of %d:
Rivolta della gradinata,The stands turned
Sabbia della gradinata,Sand from the stands
BANCO DI VESSA,VESSA'S COUNTER
Conto %d Denari,Account %d Denarii
%d Denari,%d Denarii
COMPRA IL FAVORE,BUY FAVOUR
PAGA LA PRESSIONE,PAY OFF PRESSURE
ASSICURA LA POSTA,INSURE THE STAKE
Favore +2.,Favour +2.
Pressione -2.,Pressure -2.
"Se il sigillo cede, la posta resta.","If the seal breaks, the stake stays."
Conto in debito. Salda con la quietanza per riaprire il banco.,Account in debt. Settle it with a receipt to reopen the counter.
"Se il sigillo cede, la posta resta. Non copre la Via dell'Hybris.","If the seal breaks, the stake stays. Does not cover the Path of Hubris."
In debito: il banco è chiuso finché una quietanza non salda il conto.,In debt: the counter stays closed until a receipt settles the account.
La posta di questa arena è assicurata.,This arena's stake is insured.
La gradinata lancia monete: Denari +%d.,The stands throw coins: Denarii +%d.
La rivolta costa: Denari -%d.,The riot costs: Denarii -%d.
Quietanza versata: Denari +%d.,Receipt deposited: Denarii +%d.
Vessa iscrive il debito: Denari -%d.,Vessa records the debt: Denarii -%d.
Banco di Vessa: Denari -%d.,Vessa's counter: Denarii -%d.
Vessa ricorda il debito: Pressione +1.,Vessa remembers the debt: Pressure +1.
La polizza di Vessa salva la posta.,Vessa's policy saves the stake.
Comprato al banco: Favore +2.,Bought at the counter: Favour +2.
Debito con Vessa,Debt with Vessa
Il conto di Vessa,Vessa's account
Questo è il tuo conto da Vessa. Le cifre le copio io; il margine lo decide lei.,This is your account with Vessa. I copy the figures; she sets the margin.
Prima dei Denari pagavamo con la voce. Quella dove la metti?,"Before Denarii, we paid with our voices. Where do you put that?"
"Sul conto ci sono i Denari, Dima. Per la voce non ho una cifra.","The account holds Denarii, Dima. I have no figure for a voice."
E quando il conto scende sotto zero?,And when the account drops below zero?
"Vessa lo ricorda alla gradinata. A ogni arena, finché resta il debito.","Vessa reminds the stands. Every arena, for as long as the debt remains."
Così la voce torna buona. Per riscuotere.,So a voice is useful after all. For collecting.
La sabbia nelle tasche,Sand in their pockets
Hai visto la prima fila? Ha le tasche piene di sabbia.,Have you seen the front row? Their pockets are full of sand.
Prima restava sotto i passi. Almeno copriva i segni.,It used to stay underfoot. At least it covered the marks.
"Adesso se la tengono. Se il patto non piace, la tirano.","Now they save it. If they dislike the pact, they throw it."
E quando piace?,And when it pleases them?
Tirano monete. Vessa è già lì che le conta.,They throw coins. Vessa is already counting them.
Quelle almeno si vedono arrivare.,At least you can see those coming.
Il richiamo,The call
Orvo sta provando il richiamo. Lo sento anche quando crede di parlare piano.,Orvo is rehearsing his call. I can hear him even when he thinks he is being quiet.
Tu non provavi mai.,You never rehearsed.
Chiamavo sopra tutti. Questa tacca me la porto da allora.,I called over everyone. I have had this notch ever since.
Qui ho l’annuncio accettato. Della tacca non c’è traccia.,I have the accepted announcement here. There is no record of the notch.
Allora scrivi questo: oggi ho scelto di tacere.,Then write this: today I chose to keep quiet.
"Non ho un atto da copiare, Rugo.","There is no act for me to copy, Rugo."
I posti in vendita,Seats for sale
Vessa è passata con il righello. Vuole vendere anche la terza fila.,Vessa came by with her ruler. She wants to sell the third row too.
Mi ha dato le misure. Devo copiarle tutte.,She gave me the measurements. I have to copy them all.
Tutte? Io so chi si sedeva in ciascuno di quei posti.,All of them? I know who sat in every one of those seats.
Anche quello accanto a te?,Even the one next to you?
"Le ho fermato il righello. Fin qui, le ho detto. Non oltre.","I stopped her ruler. This far, I told her. No further."
La mia copia finisce al tuo posto. Dopo ho lasciato bianco.,My copy ends at your seat. I left the rest blank.
La riga che resta,The line that stays
Le altre copie le ho raschiate. Come ogni sera. Passa l’ala: sono lisce.,I scraped the other copies. As I do every evening. Run your wing over them: smooth.
"COPIA RESPINTA
Riga già iscritta.","COPY REJECTED
Line already entered."
"Questa invece è ancora qui. Tre lame, e non sono riuscito a toglierla.","But this one is still here. Three blades, and I have not managed to remove it."
Che cosa dice?,What does it say?
Un nome. Il fascicolo è aperto. Non ho altro da trascrivere.,A name. The case file is open. I have nothing else to transcribe.
Lascia stare la lama. Io il posto lo tengo ancora.,Put the blade down. I am still keeping the seat.
Vessa: Il conto è aperto.,Vessa: The account is open.
Nerio: La cifra l’ho copiata. Ora puoi riprenderlo.,Nerio: I copied the figure. You can take it back now.
Orvo: La prima fila ha le tasche piene.,Orvo: The front row has full pockets.
Vessa: Di sabbia o di monete?,Vessa: Of sand or of coins?
Dima: Hanno venduto la terza fila.,Dima: They sold the third row.
Vessa: Il tuo posto no. Per ora.,Vessa: Not your seat. For now.
Orvo: Guarda come ti studiano.,Orvo: Look how they study you.
Rugo: Li vedo. Non ho ancora aperto il becco.,Rugo: I see them. I have not even opened my beak.
Vessa: Guarda le monete. Basta tenerli dalla tua parte.,Vessa: Look at the coins. Just keep them on your side.
"Orvo: Se si rivoltano, il conto lo mandi tu.","Orvo: If they turn, you send the bill."
Dima: Sento la sabbia nelle tasche.,Dima: I can hear the sand in their pockets.
Rugo: Aspetta. Non chiamarli ancora.,Rugo: Wait. Do not call to them yet.
Vessa: Il conto.,Vessa: The account.
Nerio: Copiato.,Nerio: Copied.
Orvo: Tasche piene.,Orvo: Full pockets.
"Vessa: Monete, spero.","Vessa: Coins, I hope."
Dima: La terza fila.,Dima: The third row.
Vessa: Venduta.,Vessa: Sold.
Orvo: Ti guardano.,Orvo: They are watching you.
Rugo: Lo so.,Rugo: I know.
Vessa: Le monete.,Vessa: The coins.
Orvo: O il conto.,Orvo: Or the bill.
Dima: La sabbia.,Dima: The sand.
Rugo: Non ancora.,Rugo: Not yet.
Il posto tenuto,The kept seat
"Dima, la gradinata si sta riempiendo. Hai ancora la zampa lì.","Dima, the stands are filling up. Your claw is still there."
Aspetto che si siedano. Dopo la tolgo. Tanto lì non si mette nessuno.,I wait until they sit down. Then I move it. Nobody sits there anyway.
Chi ci sedeva?,Who used to sit there?
Uno che chiudeva ogni bando. Orvo non faceva in tempo a bandire il successivo.,Someone who closed every bando. Orvo could barely announce the next one in time.
Manca la chiusura del fascicolo. Non l’ho mai ricevuta da copiare.,The closing entry is missing from the case file. I never received it to copy.
Io l’ho visto alzarsi. Il posto era ancora caldo. La chiusura non c’è stata.,I saw them get up. The seat was still warm. There was no closing.
Il passo,The footstep
"Quel passo, oggi. Si è fermato sulla stessa pietra.",Those footsteps today. They stopped on the same stone.
Il nuovo?,The new one?
"Il nuovo. Stessa pausa prima della soglia, stesso piede avanti.","The new one. Same pause before the threshold, same foot forward."
Le righe sono distinte. Su questo non c’è dubbio.,The entries are separate. There is no doubt about that.
Non ti ho chiesto delle righe. La pausa l’ho sentita.,I did not ask about the entries. I heard the pause.
"Allora lascia la zampa dov’è, ancora per un po’.","Then keep your claw where it is, a little longer."
La stessa pendenza,The same slant
Ho messo la tua copia accanto a quella riga. Hanno la stessa pendenza.,I set your copy beside that line. They share the same slant.
"CONFRONTO IN CORSO
Corrispondenza parziale.","COMPARISON IN PROGRESS
Partial match."
Parziale. Le separi o no?,Partial. Can you separate them or not?
La pendenza coincide. Non basta per metterle nello stesso fascicolo.,The slant matches. That is not enough to put them in the same case file.
Il posto è sempre lì. Non aspetta te. Lo tengo io.,The seat is still there. It is not waiting for you. I am keeping it.
Tengo le copie qui. Non le ho ancora archiviate.,I am keeping the copies here. I have not filed them yet.
BANDO DI ORVO,ORVO'S BANDO
IL BANDO DI ORVO,ORVO'S BANDO
%d di %d Gloria entro l'arena %d.,%d of %d Glory by arena %d.
Bando chiuso: Denari +%d e un gradino.,Bando closed: Denarii +%d and one step.
Scala completa: %d gradini.,Ladder complete: %d steps.
Gradino %d di %d.,Step %d of %d.
Gradino %d di %d,Step %d of %d
In palio il racconto «%s».,Prize: the tale “%s”.
In palio nuovi patti nel Registro.,Prize: new pacts in the Registry.
Incassa %d Gloria entro l'arena %d.,Bank %d Glory by arena %d.
Al bando chiuso: Denari +%d e un gradino.,On closing the bando: Denarii +%d and one step.
Bando chiuso: gradino %d di %d.,Bando closed: step %d of %d.
Bando mancato: %d Gloria entro l'arena %d.,Bando missed: %d Glory by arena %d.
Prossimo bando: %d Gloria entro l'arena %d.,Next bando: %d Glory by arena %d.
Il bando è scaduto.,The bando has expired.
BANDO CHIUSO,BANDO CLOSED
Bando chiuso: Denari +%d.,Bando closed: Denarii +%d.
La gradinata ricorda il bando: Favore +2.,The stands remember the bando: Favour +2.
Catena %d: posta %s.,Chain %d: stake %s.
Catena %s,Chain %s
Bando scaduto: nessun gradino.,Bando expired: no rung.
Bando mancato: nessun gradino.,Bando missed: no rung.
%d GLORIA IN POSTA,%d GLORY AT STAKE
%d Gloria incassate,%d Glory banked
FERITA APERTA,OPEN WOUND
OSSA INCRINATE,CRACKED BONES
MARCHIO DELLA VERGOGNA,MARK OF SHAME
ARMATURA ARRUGGINITA,RUSTED ARMOUR
MARCHIO DEL DEBITO,BRAND OF DEBT
OCCHIO PERDUTO,LOST EYE
Tenuta rituale ridotta.,Reduced ritual endurance.
Rischio aumentato nelle arene.,Greater risk in the arenas.
Il pubblico ti giudica.,The crowd judges you.
Protezione compromessa.,Compromised protection.
Pressione più severa.,Harsher pressure.
Il perfetto è più raro.,A perfect outcome is rarer.
Tenuta rituale ridotta e recupero meno efficace.,Reduced ritual endurance and less effective recovery.
Avanzamento piu lento e margine di errore ridotto.,Slower progress and less room for error.
Aumenta la probabilita di condanna.,Increases the chance of condemnation.
Le conseguenze avverse sono piu probabili.,Adverse consequences are more likely.
La pressione pesa di più.,Pressure takes a greater toll.
Peggiora le chance di esiti puliti.,Reduces the chance of a clean outcome.
FOLLA IN DELIRIO,CROWD IN A FRENZY
La folla ti marca: incasso bloccato.,The crowd marks you: cashing out is blocked.
Il sangue ti segue anche quando l'arena tace.,The blood follows you even when the arena falls silent.
La folla ascolta il tuo respiro corto.,The crowd listens to your shallow breathing.
Il giudizio è già inciso sulla pelle.,Judgment is already carved into your skin.
Cammini con onore ma ogni passo pesa.,"You walk with honour, but every step weighs on you."
Il debito del corpo resta sotto la sabbia.,The body's debt remains beneath the sand.
Il destino ti guarda senza tregua.,Fate watches you without respite.
La vergogna ti precede davanti alla folla.,Shame precedes you before the crowd.
Ogni sguardo è un giudizio che brucia.,Every gaze is a judgment that burns.
Porti il segno anche quando vinci.,You bear the mark even when you win.
"Hai offerto onore e sangue, ma l'armatura non regge.","You offered honour and blood, but the armour will not hold."
La ruggine canta il tuo debito.,Rust sings of your debt.
Il giudizio scivola sulle ferite.,Judgment slips across your wounds.
Il debito ti stringe come catena sacra.,Debt binds you like a sacred chain.
La folla esige il prezzo della promessa.,The crowd demands the price of the promise.
Il destino pesa su ogni patto.,Fate weighs on every pact.
Hai perso un occhio ma non la vergogna di guardare.,"You lost an eye, but not the shame of looking."
Il sangue vela il tuo destino.,Blood veils your fate.
La folla vede la tua mancanza.,The crowd sees what you lack.
"GLORIA
IN POSTA","GLORY
AT STAKE"
"Udite: una soglia, una sola arena.","Hear this: one threshold, a single arena."
Udite: un passo solo sulla sabbia.,Hear this: one lone step on the sand.
Udite: %d arene sotto la stessa gradinata.,Hear this: %d arenas beneath the same stands.
"Udite: %d arene, e la gradinata non perde un gesto.","Hear this: %d arenas, and the stands miss no gesture."
"Udite: %d arene, e nessuno lascia il suo posto.","Hear this: %d arenas, and no one leaves their seat."
"Udite: %d arene, fino a far tacere Orvo.","Hear this: %d arenas, until Orvo falls silent."
"Udite: sette arene, fino all'ultima soglia.","Hear this: seven arenas, to the last threshold."
"Udite: sette arene, e la sabbia non basta più.","Hear this: seven arenas, and the sand runs short."
"Il bando di Orvo, chiuso prima dell'ultimo richiamo.","Orvo's bando, closed before his final call."
"Il bando chiuso, e Orvo resta senza voce.","The bando closed, and Orvo left without a voice."
"%d sigilli di fila, e la cera non cede.","%d seals in a row, and the wax holds."
%d sigilli di fila: la catena suona come un coro.,%d seals in a row: the chain rings like a choir.
"La gradinata si alza insieme, come uno stormo.","The stands rise as one, like a flock."
"La gradinata porta il passo, fila dopo fila.","The stands carry the step, row after row."
"Un Segno mostrato alla folla, invece della posta.","A Mark shown to the crowd, instead of the stake."
"Il corpo mostra un Segno, e la posta resta intera.","The body shows a Mark, and the stake stays whole."
"La sabbia vola dalla prima fila, e il passo non si ferma.","Sand flies from the front row, and the step does not stop."
La prima fila lancia sabbia; la sabbia non basta.,The front row throws sand; the sand is not enough.
"%d Gloria, e Vessa la conta due volte.","%d Glory, and Vessa counts it twice."
"%d Gloria, e la terza fila si alza.","%d Glory, and the third row stands up."
"Pochi colpi al sigillo, ognuno ascoltato.","Few strikes at the seal, each one heard."
"Un patto firmato, e la gradinata trattiene il fiato.","One pact signed, and the stands hold their breath."
"Poi la quietanza: il Registro copia la cifra, io il resto.","Then the receipt: the Registry copies the figure, I keep the rest."
"Poi la quietanza, presa a mano ferma.","Then the receipt, taken with a steady hand."
"Poi il marchio, scelto a mano ferma.","Then the brand, chosen with a steady hand."
Poi il marchio: la posta resta sulla sabbia.,Then the brand: the stake stays on the sand.
"Poi la cera cede. Finisce la strofa, non la voce.","Then the wax gives way. The verse ends, not the voice."
Poi la cera cede. Domani la canto meglio.,Then the wax gives way. Tomorrow I will sing it better.
Il Registro chiude il fascicolo. La strofa resta aperta.,The Registry closes the dossier. The verse stays open.
Il Registro classifica. Io canto.,The Registry classifies. I sing.
LA GESTA DI LAURO,LAURO'S DEED
Nuova gesta più alta: %d Gloria in un'arena.,New highest deed: %d Glory in one arena.
Nuova gesta più alta: %d Gloria in %d arene.,New highest deed: %d Glory in %d arenas.
Gesta più alta: %d Gloria in un'arena.,Highest deed: %d Glory in one arena.
Gesta più alta: %d Gloria in %d arene.,Highest deed: %d Glory in %d arenas.
Storno cantastorie,Starling storyteller
"Lauro ha il piumaggio nero sparso di macchie chiare, come cera schizzata. Imita il richiamo di Orvo e il vecchio grido di Rugo meglio di loro. Canta le gesta di chi passa nell’arena e ogni sera cambia una parola.","Lauro's black plumage is scattered with pale flecks, like spattered wax. He imitates Orvo's call and Rugo's old cry better than they do. He sings the deeds of whoever passes through the arena, and every evening he changes a word."
Lauro: Che rima ha questa firma?,Lauro: What rhymes with this signature?
Nerio: Nessuna. È una firma.,Nerio: Nothing. It is a signature.
"Dima: Lauro, è già in strofa?","Dima: Lauro, is it in a verse yet?"
Lauro: Non ancora. Aspetto il sigillo.,Lauro: Not yet. I wait for the seal.
"Lauro: Orvo, lasciami il primo verso.","Lauro: Orvo, leave me the first line."
Orvo: Il primo verso è il richiamo. È mio.,Orvo: The first line is the call. It is mine.
Rugo: Quel grido era il mio.,Rugo: That cry was mine.
Lauro: Era. Ora lo canto meglio.,Lauro: It was. Now I sing it better.
Lauro: Un’altra rima.,Lauro: Another rhyme.
Dima: Già in strofa?,Dima: In a verse yet?
Lauro: Dopo il sigillo.,Lauro: After the seal.
Lauro: Il primo verso?,Lauro: The first line?
Orvo: Mio.,Orvo: Mine.
Rugo: Il mio grido.,Rugo: My cry.
"Lauro: Il mio, ora.","Lauro: Mine, now."
La prima strofa,The first verse
"Udite, gradinata! Un passo nuovo sulla sabbia. Cerco già la rima.","Hear me, stands! A new step on the sand. I am already looking for the rhyme."
Lauro è tornato. Ha imparato il richiamo di Orvo prima di Orvo.,Lauro is back. He learned Orvo's call before Orvo did.
Il cantastorie non copia. Ogni sera cambia una parola.,The storyteller does not copy. Every evening he changes a word.
"Tu copi le righe, Nerio. Io canto quello che le righe lasciano fuori.","You copy the lines, Nerio. I sing what the lines leave out."
Nella sua strofa la mia cresta è ogni volta più alta.,In his verse my comb gets taller every time.
"L’arena dimentica. Il Registro no. Io ricordo male, ma ricordo.","The arena forgets. The Registry does not. I remember badly, but I remember."
La strofa aperta,The open verse
"C’è una gesta che canto da anni. Uno che chiudeva ogni bando, senza fretta.","There is a deed I have sung for years. Someone who closed every bando, unhurried."
E la gradinata non applaude mai. Ascolta e basta.,And the stands never applaud. They only listen.
"Perché non finisce. Arrivo a quando si alza, e la rima non viene.","Because it does not end. I reach the moment he stands up, and the rhyme does not come."
Non viene perché manca la chiusura. Quel fascicolo risulta aperto.,It does not come because the closure is missing. That dossier is still open.
Inventala. È il tuo mestiere.,Make it up. That is your trade.
"Una fine inventata la canta chiunque. Questa la lascio aperta, come il posto.","Anyone can sing an invented ending. This one I leave open, like the seat."
Nerio: Nessuna. Una copia.,Nerio: None. A copy.
"Il bando di Orvo è aperto: ogni colpo in più vale doppio.","Orvo's bando is open: every extra strike is worth double."
"Favore +%d","Favour +%d"
"Favore -%d","Favour -%d"
"Pressione %d","Pressure %d"
"i Segni","the Marks"
"Oggi, a favore del sigillo: %s.","Today, for the seal: %s."
"Oggi, contro il sigillo: %s.","Today, against the seal: %s."
"Oggi niente sposta il sigillo.","Today nothing moves the seal."
"Quietanza versata contro il debito: Denari +%d, il doppio.","Receipt deposited against the debt: Denarii +%d, double."
"In debito: il banco è chiuso finché il conto non torna in pari. Ogni quietanza versata in debito vale il doppio.","In debt: the counter stays closed until the account is even. Every receipt deposited in debt counts double."
Conto in debito. La quietanza vale doppio; salda il conto per riaprire il banco.,Account in debt. The receipt counts double; settle the account to reopen the counter.
