keys,es
CONTINUA,CONTINUAR
Nessuna partita salvata.,No hay partida guardada.
ENTRA NELL'ARENA,ENTRA EN LA ARENA
CARICA PARTITA,CARGAR PARTIDA
ARCHIVIO,ARCHIVO
OPZIONI,OPCIONES
CREDITI,CREDITOS
ARCHIVIO DELLE CONDANNE,ARCHIVO DE CONDENAS
Registro consultivo. Nessuna ricompensa.,Registro consultivo. Sin recompensa.
CONDANNE,CONDENAS
MUSEO,MUSEO
PATTI DISPONIBILI (LIVELLO 3),PACTOS DISPONIBLES (NIVEL 3)
- Nessun patto disponibile.,- Ningún pacto disponible.
ARENE TEMATICHE,ARENAS TEMATICAS
- Nessuna arena disponibile.,- Ninguna arena disponible.
VOCI DEL PUBBLICO,VOCES DEL PÚBLICO
Voci base: %d,Voces base: %d
Voci dure: %s,Voces duras: %s
SBLOCCATE,DESBLOQUEADAS
BLOCCATE,BLOQUEADAS
LUMINOSITÀ,BRILLO
Luminosità: %.2f,Brillo: %.2f
LINGUA,IDIOMA
Lingua selezionata: %s,Idioma seleccionado: %s
VOLUME MASTER,VOLUMEN GENERAL
VOLUME MUSICA,VOLUMEN MUSICA
VOLUME EFFETTI,VOLUMEN EFECTOS
SCHERMO INTERO,PANTALLA COMPLETA
MOVIMENTO RIDOTTO,MOVIMIENTO REDUCIDO
RISOLUZIONE,RESOLUCIÓN
Risoluzione: %s,Resolución: %s
Volume: %d%%,Volumen: %d%%
Musica: %d%%,Musica: %d%%
Effetti: %d%%,Efectos: %d%%
Nessun salvataggio valido disponibile. Inizia un nuovo percorso.,No hay una partida guardada válida. Inicia un nuevo recorrido.
Salvataggio corrotto: i file sono stati messi in quarantena.,Partida guardada dañada: los archivos se pusieron en cuarentena.
Salvataggio corrotto e backup non disponibile.,La partida guardada está dañada y no hay copia de seguridad.
"Backup valido trovato, ma il ripristino non è riuscito.","Se encontró una copia válida, pero la recuperación falló."
Italiano,Italiano
English,Ingles
Español,Español
GALLICUS,GALLICUS
ACTA ARENAE,ACTA ARENAE
Game: Gallicus\nDesign/Direction: (TBD)\nCode: (TBD)\nArt: (TBD)\nAudio: (TBD)\nSpecial Thanks: (TBD),Juego: Gallicus\nDiseño/Dirección: (TBD)\nCódigo: (TBD)\nArte: (TBD)\nAudio: (TBD)\nAgradecimientos: (TBD)
Luminosità: 1.00,Brillo: 1.00
(Placeholder),(Placeholder)
Lingua selezionata: Italiano,Idioma seleccionado: Italiano
Volume: 100%,Volumen: 100%
SCOMMESSA,APUESTA
-,-
PRESSIONE,PRESIÓN
PRESSIONE %d/%d,PRESIÓN %d/%d
Sotto controllo,Bajo control
La folla si scalda,La multitud se calienta
Rischio alto,Riesgo alto
Fuori controllo,Fuera de control
Pressione -1.,Presión -1.
Pressione +1.,Presión +1.
Pressione +1. Aumenti posta e rischio.,Presión +1. Subes la apuesta y el riesgo.
Pressione massima: %d/%d,Presión máxima: %d/%d
La folla ha spinto il percorso oltre il margine.,La multitud empujó el recorrido más allá del margen.
La pressione è rimasta sotto controllo.,La presión se mantuvo bajo control.
Chiudi il percorso e registra il risultato finale.,Cierra el recorrido y registra el resultado final.
Pressione +1. Continua alla prossima arena con posta aumentata.,Presión +1. Continúa a la siguiente arena con apuesta aumentada.
La folla osserva.,La multitud observa.
La folla pretende un altro rilancio.,La multitud exige otro aumento.
La folla resta in ascolto.,La multitud sigue atenta.
Stato del percorso: Gloria %d | Corruzione %d | %s,Estado del recorrido: Gloria %d | Corrupción %d | %s
Incasso sotto richiesta della folla: x%.2f,Cobro bajo demanda de la multitud: x%.2f
CICATRICE APPLICATA,CICATRIZ APLICADA
Il patto viene giudicato...,El pacto está siendo juzgado...
La folla ti guarda.,La multitud te observa.
Registro: atto annotato.,Registro: acto anotado.
Arena del Sigillo,Arena del Sello
Qui ogni firma pesa.,Aquí cada firma pesa.
SENTENZA,SENTENCIA
VINCI,GANA
SE FALLISCI: LA CICATRICE TI RESTA.,SI FALLAS: LA CICATRIZ PERMANECE.
IL PATTO È SIGILLATO.,EL PACTO ESTÁ SELLADO.
La folla trattiene il fiato.,La multitud contiene el aliento.
RITO DI GIUDIZIO,RITO DE JUICIO
Il patto viene giudicato.,El pacto es juzgado.
SCEGLI IL GESTO,ELIGE EL GESTO
UMILIATI,HUMILLATE
PROVOCA,PROVOCA
Scommessa Arena,Apuesta de Arena
ARENA SPECIALE,ARENA ESPECIAL
FOCUS: Leggi prima la CONDANNA.,FOCO: Lee primero la SENTENCIA.
Seed (opzionale),Semilla (opcional)
Es. 10331,Ej. 10331
APPLICA,APLICAR
Stake,Apuesta
CONDANNA - TUTTO O NIENTE,SENTENCIA - TODO O NADA
CONDIZIONE - SANGUE INTEGRO,CONDICIÓN - SANGRE INTACTA
PATTO - INCASSA E VAI,PACTO - COBRA Y SIGUE
Selezione: -,Selección: -
SIGILLA,SELLAR
Disponibile dopo l'arena in corso.,Disponible tras la arena actual.
x1,x1
Incassa ora o rilancia il rischio,Cobra ahora o vuelve a apostar el riesgo
PRENDI LA QUIETANZA,TOMA EL RECIBO
RICEVI IL MARCHIO,RECIBE LA MARCA
CONDANNA,SENTENCIA
NESSUN REWARD,SIN RECOMPENSA
RADDOPPIA,DOBLA
DETTAGLIO CICATRICI,DETALLE DE CICATRICES
CHIUDI,CERRAR
VERDETTO,VEREDICTO
PATTI FIRMATI,PACTOS FIRMADOS
ULTIMA VOCE,ÚLTIMA VOZ
NUOVO PERCORSO,NUEVO RECORRIDO
NEXT BET,SIGUIENTE APUESTA
PROSSIMA SCOMMESSA,SIGUIENTE APUESTA
TORNA AL MENU,VOLVER AL MENÚ
FAST: 12s,RÁPIDO: 12s
CICATRICI,CICATRICES
Nessuna cicatrice.,Ninguna cicatriz.
CIRCOLO SCOMMESSE,CIRCULO DE APUESTAS
INCASSA E VAI,COBRA Y SIGUE
CONDANNA: ...,SENTENCIA: ...
CONDIZIONE: ...,CONDICIÓN: ...
PATTO: ...,PACTO: ...
SANGUE INTEGRO,SANGRE INTACTA
TUTTO O NIENTE,TODO O NADA
Nessun patto aperto. Entra nell'arena e firma la prima scommessa.,Ningún pacto abierto. Entra en la arena y firma la primera apuesta.
Funzione disattiva in L3.,Desactivado en L3.
Voci dure: +%d,Voces duras: +%d
%s\\n\\nCome è stata ottenuta:\\n%s\\n\\n%s,%s\\n\\nCómo se obtuvo:\\n%s\\n\\n%s
Salvataggio non valido: schema del file mancante o corrotto.,Guardado no valido: esquema de archivo ausente o corrupto.
Salvataggio non compatibile con questa versione.,El guardado no es compatible con esta versión.
Salvataggio incompleto: dati del percorso mancanti.,Guardado incompleto: faltan datos del recorrido.
Salvataggio non valido: schema Level 3 mancante.,Guardado no valido: falta esquema Level 3.
Salvataggio non compatibile: schema Level 3 differente.,Guardado incompatible: esquema Level 3 diferente.
Salvataggio legacy non supportato in L3.,Guardado legacy no soportado en L3.
Salvataggio incompleto: stato del percorso mancante.,Guardado incompleto: falta el estado del recorrido.
Salvataggio non valido: dati Condanne non leggibili.,Guardado no valido: datos de Condenas ilegibles.
Salvataggio non valido: formato Condanne non supportato.,Guardado no valido: formato de Condenas no soportado.
Salvataggio non valido.,Guardado no valido.
Salvataggio non valido: %s.,Guardado no valido: %s.
In arrivo.,Próximamente.
Interfaccia non inizializzata.\nElementi mancanti:\n- %s\n\nTorna al menu e riavvia.,Interfaz no inicializada.\nElementos faltantes:\n- %s\n\nVuelve al menu y reinicia.
[b]Effetto:[/b] %s,[b]Efecto:[/b] %s
Nessuna scommessa attiva,Ninguna apuesta activa
PERCORSO FALLITO,RECORRIDO FALLIDO
AGGIORNAMENTO DEL REGISTRO,ACTUALIZACIÓN DEL REGISTRO
Protocollo di classificazione completato.,Protocolo de clasificación completado.
Incasso registrato.,Cobro registrado.
Arena superata.,Arena superada.
Condanna registrata.,Condena registrada.
Ricompensa applicata. Il registro resta aperto per la prossima scommessa.,Recompensa aplicada. El registro sigue abierto para la siguiente apuesta.
Esito registrato. Puoi proseguire con la prossima scommessa.,Resultado registrado. Puedes continuar con la siguiente apuesta.
Nessun premio assegnato. Il registro resta consultabile.,Sin premio asignado. El registro sigue consultable.
nessuna annotazione registrata,ninguna anotación registrada
Stato: chiusura definitiva.,Estado: cierre definitivo.
Stato: scegli se proseguire o tornare al menu.,Estado: elige si continuar o volver al menu.
[center]Registro Arena - Lettura amministrativa[/center],[center]Registro de Arena - Lectura administrativa[/center]
incasso accettato,cobro aceptado
arena continuata,arena continuada
percorso registrato,recorrido registrado
patto registrato,pacto registrado
condanna registrata,condena registrada
CONDANNA: %s,CONDENA: %s
SELEZIONE GESTO,SELECCIÓN DE GESTO
La folla osserva la tua scelta.,La multitud observa tu elección.
Arena speciale,Arena especial
Firma una via. Il Registro annota il prezzo.,Firma una vía. El Registro anota el precio.
Clausola non esposta.,Cláusula no expuesta.
Firma focus: %s | Clausola: %s,Foco de firma: %s | Cláusula: %s
Cicatrice,Cicatriz
  Effetto: %s,  Efecto: %s
  Origine: %s,  Origen: %s
[b]Cicatrici rilevanti:[/b],[b]Cicatrices relevantes:[/b]
FINAL: %s,FINAL: %s
ENDING ID: %s,ID FINAL: %s
ICONA: %s,ICONO: %s
[b]Registro Finale[/b],[b]Registro Final[/b]
Corruzione,Corrupción
Gloria,Gloria
Cicatrici,Cicatrices
Pattern,Patron
Fascicolo chiuso,Expediente cerrado
Il registro è aperto.,El registro está abierto.
Incassa la posta o rischiala nel prossimo rilancio.,Cobra la apuesta o arriésgala en la próxima subida.
La condanna chiude il ciclo senza premio.,La condena cierra el ciclo sin premio.
Scegli un atto. La firma è irrevocabile.,Elige un acto. La firma es irrevocable.
Nessun dettaglio.,Sin detalles.
+ %d dettagli nel registro.,+ %d detalles en el registro.
SPINGI LA SORTE,TIENTA LA SUERTE
CONDIZIONE: %s,CONDICIÓN: %s
PATTO: %s,PACTO: %s
NOTA: %s,NOTA: %s
INCASSO BLOCCATO: %s,COBRO BLOQUEADO: %s
RADDOPPIO BLOCCATO: %s,DOBLAR BLOQUEADO: %s
CONTESTO: %s,CONTEXTO: %s
MODIFICA INCASSO: %s,MODIFICADOR DE COBRO: %s
Stato: in attesa di scelta.,Estado: esperando elección.
Chiudi il percorso e apri il registro finale.,Cierra el recorrido y abre el registro final.
Continua alla prossima arena con posta aumentata.,Continúa a la siguiente arena con apuesta aumentada.
Stato: richiesta incasso non disponibile.,Estado: solicitud de cobro no disponible.
Stato: richiesta condanna non disponibile.,Estado: solicitud de condena no disponible.
Stato: richiesta rilancio non disponibile.,Estado: solicitud de relance no disponible.
Stato: richiesta non accettata. Scegli di nuovo.,Estado: solicitud no aceptada. Elige de nuevo.
POSTA VIVA: +%d Gloria,APUESTA VIVA: +%d Gloria
GLORIA: %d,GLORIA: %d
CORRUZIONE: %d,CORRUPCIÓN: %d
Ottieni +%d Gloria,Obtienes +%d Gloria
Corruzione -%d,Corrupción -%d
chiudi il registro,cierra el registro
Prossima posta: +%d Gloria. Pressione +%d.,Próxima apuesta: +%d Gloria. Presión +%d.
Perdi la posta di +%d Gloria. Il percorso si chiude.,Pierdes la apuesta de +%d Gloria. El recorrido se cierra.
FIRMA,FIRMAR
MOSTRA IL PATTO,MUESTRA EL PACTO
APRI IL REGISTRO,ABRE EL REGISTRO
REGISTRO DELL'ARENA,REGISTRO DE LA ARENA
Apertura del verbale,APERTURA DEL ACTA
IL REGISTRO È CHIUSO,EL REGISTRO ESTÁ CERRADO
Il Registro è pronto per la firma.,El Registro está listo para la firma.
Ogni patto lascia un segno.,Cada pacto deja una marca.
APRI,ABRIR
Apri il registro.,Abre el registro.
Il registro è chiuso. Aprilo per scegliere la via.,El registro está cerrado. Ábrelo para elegir la vía.
SCEGLI LA VIA,ELIGE LA VÍA
Leggi la promessa e il costo. Poi firma.,Lee la promesa y el coste. Luego firma.
CONDIZIONE,CONDICIÓN
PATTO,PACTO
registrato,registrado
continuato,continuado
Atto registrato: %s. Stato: %s.,Acto registrado: %s. Estado: %s.
PATTO FALLITO,PACTO FALLIDO
seleziona un'azione,selecciona una acción
scommessa rinunciata,apuesta rechazada
RIPROVA SCOMMESSA,REINTENTAR APUESTA
Stato: scelta acquisita.,Estado: elección recibida.
Come è stata ottenuta:,Cómo se obtuvo:
Interfaccia non inizializzata.,Interfaz no inicializada.
Elementi mancanti:,Elementos faltantes:
Torna al menu e riavvia.,Vuelve al menu y reinicia.
PATTO SIGILLATO,PACTO SELLADO
La pietra ha preso la firma.,La piedra ha recibido la firma.
La gradinata attende il gesto.,La grada espera el gesto.
SEGNI,MARCAS
Registro pulito: nessun segno inciso.,Registro limpio: ninguna marca inscrita.
ATTO DAVANTI ALLA GRADINATA,ACTO ANTE LA GRADA
ABBASSA LO SGUARDO,BAJA LA MIRADA
SFIDA LA GRADINATA,DESAFÍA A LA GRADA
Il Registro annota misura.,El Registro anota mesura.
Il Registro annota esposizione.,El Registro anota exposición.
La gradinata pesa il tuo respiro.,La grada sopesa tu aliento.
La gradinata si quieta: il Registro vede prudenza.,La grada se aquieta: el Registro ve prudencia.
Trattieni il gesto. L'arena concede ancora margine.,Contén el gesto. La arena aún concede margen.
Non cercano vanto: aspettano se saprai durare.,No buscan alarde: esperan ver si sabrás resistir.
La folla resta sospesa tra misura e sfida.,La multitud queda suspendida entre mesura y desafío.
Ogni sguardo chiede se terrai il passo.,Cada mirada pregunta si mantendrás el paso.
La gradinata batte ferro: vuole vederti oltre.,La grada golpea hierro: quiere verte ir más allá.
Il rischio sale e il Registro non distoglie gli occhi.,El riesgo sube y el Registro no aparta la mirada.
"Se cedi ora, il silenzio pesera piu della ferita.","Si cedes ahora, el silencio pesará más que la herida."
Il tuo gesto li irrita. Ora vogliono il prezzo.,Tu gesto los irrita. Ahora exigen el precio.
Hai mostrato il fianco. Ti puniscono col silenzio.,Has mostrado el flanco. Te castigan con el silencio.
Un gesto non basta. Vogliono vederti cedere.,Un gesto no basta. Quieren verte ceder.
Ti sei esposto. Ti vogliono spezzare.,Te has expuesto. Quieren quebrarte.
"Un gesto segnato, il debito resta.",Un gesto registrado; la deuda permanece.
Il gesto è registrato. La pressione è cambiata.,El gesto queda registrado. La presión ha cambiado.
Il gesto pesa poco. La folla resta ferma.,El gesto pesa poco. La multitud permanece inmóvil.
Scelta fatta. Ti valutano senza voce.,Elección hecha. Te evalúan sin decir palabra.
Hai scelto il gesto. Ora spingono di più.,Has elegido el gesto. Ahora presionan más.
La folla ti segue. Vogliono il prossimo strappo.,La multitud te sigue. Quiere el próximo desgarro.
Il gesto accende l'arena. Ti vogliono oltre.,El gesto enciende la arena. Quieren verte ir más allá.
Hai mosso la folla. Non fermarti ora.,Has agitado a la multitud. No te detengas ahora.
Un gesto debole. Ora ti strappano il rispetto.,Un gesto débil. Ahora te arrancan el respeto.
Il gesto è sterile. Ti tengono in debito.,El gesto es estéril. Te mantienen en deuda.
"Il gesto li accende, ma chiedono il crollo.","El gesto los enciende, pero exigen tu caída."
Il Registro pesa il patto.,El Registro pesa el pacto.
Tre colpi chiudono il verbale.,Tres golpes cierran el acta.
COLPISCI,GOLPEA
COLPISCI ANCORA,GOLPEA DE NUEVO
SIGILLATO,SELLADO
VERBALE INCISO - IL REGISTRO PUÒ AVANZARE,ACTA INCISA - EL REGISTRO PUEDE AVANZAR
FASCICOLO CHIUSO - COMPROMISSIONE,EXPEDIENTE CERRADO - COMPROMISO
FASCICOLO CHIUSO - ASCESA,EXPEDIENTE CERRADO - ASCENSO
FASCICOLO CHIUSO - CONSUMO,EXPEDIENTE CERRADO - DESGASTE
FASCICOLO CHIUSO - PATTERN,EXPEDIENTE CERRADO - PATRON
FASCICOLO CHIUSO,EXPEDIENTE CERRADO
Il Registro conserva la traccia del percorso.,El Registro conserva la huella del recorrido.
Il Registro chiude il fascicolo e classifica l'esito.,El Registro cierra el expediente y clasifica el resultado.
Posta incassata. Il percorso è chiuso.,Apuesta cobrada. El recorrido está cerrado.
Il patto regge: il percorso può proseguire.,El pacto se mantiene: el recorrido puede continuar.
Condanna iscritta. I segni restano nel fascicolo.,Condena inscrita. Las marcas quedan en el expediente.
Pressione massima: %d/%d.,Presión máxima: %d/%d.
Patti e sblocchi sono stati aggiornati nell'Archivio.,Los pactos y desbloqueos se han actualizado en el Archivo.
%d condanne archiviate; il dettaglio resta nell'Archivio.,%d condenas archivadas; el detalle permanece en el Archivo.
Nessun patto aggiuntivo da elencare: consulta l'Archivio per gli sblocchi.,No hay pactos adicionales que listar: consulta el Archivo para los desbloqueos.
Le nuove voci sono consultabili nell’Archivio.,Las nuevas entradas se pueden consultar en el Archivo.
Il Registro resta aperto. Puoi proseguire o tornare al menu.,El Registro sigue abierto. Puedes seguir o volver al menú.
rinunciato,rechazado
accettato,aceptado
%d condizioni registrate,%d condiciones registradas
I. APERTURA - CONSTATAZIONE,I. APERTURA - CONSTATACIÓN
II. CORPO - LETTURA DEI PATTERN,II. CUERPO - LECTURA DE PATRONES
III. FRATTURA,III. FRACTURA
Stato finale: %s.,Estado final: %s.
Il soggetto ha interrotto il ciclo prima della definizione.,El sujeto interrumpio el ciclo antes de la clasificación.
Il soggetto ha completato il ciclo operativo.,El sujeto completo el ciclo operativo.
Il soggetto presenta un profilo registrabile.,El sujeto presenta un perfil registrable.
accettazione ricorrente di condizioni irreversibili,aceptación recurrente de condiciones irreversibles
rifiuto della chiusura quando disponibile,rechazo del cierre cuando está disponible
accumulo di Scar persistenti su più passaggi,acumulación de Cicatrices persistentes en varias etapas
reiterazione oltre l'utile con esposizione crescente,reiteración más alla de lo útil con exposición creciente
sacrificio di opzioni future registrato,sacrificio de opciones futuras registrado
Il profilo osservato eccede le soglie operative previste; classificazione mantenuta coerente.,El perfil observado supera los umbrales operativos previstos; la clasificación se mantiene coherente.
"Il profilo osservato non rientra pienamente nelle classi disponibili. Classificazione coerente, ma non conclusiva.","El perfil observado no encaja por completo en las clases disponibles. Clasificación coherente, pero no concluyente."
Precedente rilevato in memoria storica. Applicabilità non determinabile; classificazione incompleta.,Precedente detectado en la memoria historica. Aplicabilidad indeterminable; clasificación incompleta.
Stato registrato con parametri attivi. Chiusura finale non applicabile.,Estado registrado con parametros activos. El cierre final no es aplicable.
classificazione non conclusiva,clasificación no concluyente
classificazione incompleta,clasificación incompleta
registrato in sospensione,registrado en suspensión
interruzione immediata,interrupción inmediata
segnato,marcado
compromesso,comprometido
in debito attivo,deuda activa
conforme al pubblico,conforme al público
consumo completo,desgaste completo
libertà registrata,libertad registrada
caduta amministrativa,caida administrativa
non definito,no definido
Fascicolo aggiornato. Valutazione sospesa.,Expediente actualizado. Evaluación suspendida.
Atto registrato. Campione insufficiente.,Acto registrado. Muestra insuficiente.
Dati acquisiti. Analisi in corso.,Datos adquiridos. Análisis en curso.
Aggiornamento completato. Nessuna conclusione emessa.,Actualización completada. No se ha emitido ninguna conclusión.
Il soggetto resta in osservazione.,El sujeto permanece en observación.
Archiviazione parziale. Raccolta incompleta.,Archivo parcial. Recopilación incompleta.
Evento conforme. Interpretazione rinviata.,Evento conforme. Interpretación aplazada.
Nuova evidenza inserita. Profilo non definito.,Nueva evidencia incorporada. Perfil no definido.
Registrazione valida. Sentenza non autorizzata.,Registro valido. Sentencia no autorizada.
Traiettoria non stabilizzata. Attendere ulteriori eventi.,Trayectoria no estabilizada. Esperar nuevos eventos.
Documento acquisito. Il Registro non conclude.,Documento adquirido. El Registro no concluye.
Pattern non consolidato. Prosecuzione richiesta.,Patron no consolidado. Continuación requerida.
fascicolo registrato,expediente registrado
Soglia di deviazione superata. Fascicolo chiuso.,Umbral de desviación superado. Expediente cerrado.
Corruzione confermata. Archiviazione definitiva.,Corrupción confirmada. Archivo definitivo.
Indice di compromissione: critico. Sentenza emessa.,Indice de compromiso: critico. Sentencia emitida.
Integrità del soggetto: insufficiente. Caso concluso.,Integridad del sujeto: insuficiente. Caso concluido.
Deriva irreversibile rilevata. Il Registro conclude.,Deriva irreversible detectada. El Registro concluye.
Evidenza prevalente: debito. Fascicolo definito.,Evidencia predominante: deuda. Expediente definido.
Profilo compromesso. Non sono richiesti ulteriori dati.,Perfil comprometido. No se requieren más datos.
Scostamento oltre limite. Atto finale registrato.,Desviación fuera del límite. Acto final registrado.
Indice di gloria: eccedente. Fascicolo chiuso.,Indice de gloria: excedente. Expediente cerrado.
Rilevanza confermata. Archiviazione definitiva.,Relevancia confirmada. Archivo definitivo.
Profilo di eccezione registrato. Sentenza emessa.,Perfil excepcional registrado. Sentencia emitida.
Valore del soggetto: determinato. Caso concluso.,Valor del sujeto: determinado. Caso concluido.
Evidenza prevalente: ascesa. Il Registro conclude.,Evidencia predominante: ascenso. El Registro concluye.
Traccia storica sufficiente. Fascicolo definito.,Registro historico suficiente. Expediente definido.
Comportamento coerente con grandezza. Atto finale registrato.,Conducta coherente con grandeza. Acto final registrado.
Risultato consolidato. Non sono richiesti ulteriori dati.,Resultado consolidado. No se requieren más datos.
Danno permanente rilevato. Fascicolo chiuso.,Dano permanente detectado. Expediente cerrado.
Cicatrici critiche registrate. Archiviazione definitiva.,Cicatrices criticas registradas. Archivo definitivo.
Stato del soggetto: degradato. Sentenza emessa.,Estado del sujeto: degradado. Sentencia emitida.
Accumulo irreversibile. Caso concluso.,Acumulación irreversible. Caso concluido.
Integrità fisica compromessa. Il Registro conclude.,Integridad fisica comprometida. El Registro concluye.
Evidenza prevalente: consumo. Fascicolo definito.,Evidencia predominante: desgaste. Expediente definido.
Segni sufficienti. Non sono richiesti ulteriori dati.,Marcas suficientes. No se requieren más datos.
Profilo stabilizzato su consumo. Atto finale registrato.,Perfil estabilizado en el desgaste. Acto final registrado.
Campione minimo raggiunto. Fascicolo chiuso.,Muestra mínima alcanzada. Expediente cerrado.
Pattern confermato. Archiviazione definitiva.,Patron confirmado. Archivo definitivo.
Coerenza comportamentale stabilita. Sentenza emessa.,Coherencia de conducta establecida. Sentencia emitida.
Traiettoria consolidata. Caso concluso.,Trayectoria consolidada. Caso concluido.
Dati sufficienti per definizione. Il Registro conclude.,Datos suficientes para la clasificación. El Registro concluye.
Ripetizione significativa rilevata. Fascicolo definito.,Repetición significativa detectada. Expediente definido.
Profilo determinato per frequenza. Atto finale registrato.,Perfil determinado por frecuencia. Acto final registrado.
Analisi completata. Non sono richiesti ulteriori dati.,Análisis completado. No se requieren más datos.
+%d altre,+%d más
Non mi fermerò.,No me detendré.
Ancora.,Otra vez.
Finche regge.,Mientras aguante.
Non dovevo provarci.,No debi intentarlo.
Firmato.,Firmado.
Sapevo cosa stavo facendo.,Sabia lo que hacia.
L'ho accettato.,Lo acepte.
Era il prezzo.,Era el precio.
So come finisce.,Se como termina.
Non oggi.,Hoy no.
Ho visto abbastanza.,He visto suficiente.
Mi sono fermato.,Me detuve.
È finita così.,Así terminó.
Non abbastanza.,No fue suficiente.
Troppo tardi.,Demasiado tarde.
Non e colpa loro.,No es culpa suya.
Ricordato.,Recordado.
Visto dal pubblico.,Visto por la grada.
Il tuo nome.,Tu nombre.
Non sarà l'ultima.,No será la última.
Registro: Compromissione.,Registro: Compromiso.
Registro: Ascesa.,Registro: Ascenso.
Registro: Consumo.,Registro: Desgaste.
Registro: Pattern.,Registro: Patron.
Caduta finale. Hanno avuto il rischio.,Caida final. Han obtenido el riesgo que querian.
Caduta nuda. Nessuno ti ricorda.,Caida desnuda. Nadie te recuerda.
Caduta secca. Il pubblico non reagisce.,Caida seca. La grada no reacciona.
Continui e li nutri. Vogliono il tuo errore.,Continuas y los alimentas. Quieren tu error.
Continui per orgoglio. Ti vogliono in ginocchio.,Continuas por orgullo. Te quieren de rodillas.
Continui. La folla vuole il prossimo taglio.,Continuas. La grada quiere el siguiente corte.
"Continui. Nessun applauso, solo attesa.","Continuas. Sin aplausos, solo espera."
Continui. Nessuno ti deve niente.,Continuas. Nadie te debe nada.
Continui. Ora ti vogliono sanguinare.,Continuas. Ahora quieren verte sangrar.
Così finisci. La folla non ti piange.,Así terminas. La grada no te llora.
È finita. Il pubblico prende il tuo nome.,Se acabo. La grada toma tu nombre.
È finita. Solo occhi fermi.,Se acabo. Solo quedan miradas fijas.
Fine della corsa. Il silenzio resta.,Fin de la carrera. El silencio permanece.
Fine violenta. La folla ha ciò che voleva.,Final violento. La grada obtuvo lo que queria.
Firma asciutta. Ti contano come errore.,Firma seca. Te cuentan como un error.
Firma e alza il rischio. Ti chiedono il salto.,Firma y eleva el riesgo. Te exigen el salto.
Firma fatta. Aspettano il tuo crollo.,Firma hecha. Esperan tu caida.
Hai chiuso la mano. Il silenzio pesa.,Has cerrado la mano. El silencio pesa.
Hai firmato forte. L'arena vuole vedere.,Has firmado con fuerza. La arena quiere verlo.
Hai firmato male. Ora ti vogliono spezzato.,Has firmado mal. Ahora te quieren quebrado.
Hai firmato troppo forte. Ora vogliono la tua rovina.,Has firmado con demasiada fuerza. Ahora quieren tu ruina.
Hai firmato. Nessuno ti dà tregua.,Has firmado. Nadie te da tregua.
Hai firmato. Ora non ti vogliono intero.,Has firmado. Ahora no te quieren entero.
Hai incassato per paura. Ora paghi doppio.,Has cobrado por miedo. Ahora pagas el doble.
Hai perso come volevano. Non ti lasciano il nome.,Has perdido como querian. No te dejan ni el nombre.
Hai perso. L'arena resta accesa.,Has perdido. La arena sigue encendida.
Hai rifiutato l'uscita. Ti puniscono con occhi feroci.,Has rechazado la salida. Te castigan con miradas feroces.
Hai rilanciato. Ora vogliono il colpo finale.,Has subido la apuesta. Ahora quieren el golpe final.
Hai scelto di continuare. L'arena prende nota.,Has elegido continuar. La arena toma nota.
Hai scelto di restare. Non chiamarla coraggio.,Has elegido quedarte. No lo llames valor.
Hai scelto l'uscita. La folla ti mette il conto.,Has elegido la salida. La grada te presenta la cuenta.
Hai segnato il destino. Ti vogliono a terra.,Has marcado tu destino. Te quieren en el suelo.
Hai spento il delirio. Ora ti chiedono sangue.,Has apagado el delirio. Ahora te exigen sangre.
Hai spento la corsa. La folla voleva il salto.,Has detenido la carrera. La grada queria el salto.
Il brusio non concede riparo.,El murmullo no ofrece refugio.
Il delirio ti brucia addosso.,El delirio te quema por dentro.
Il patto accende la folla. Spingi ora.,El pacto enciende a la grada. Empuja ahora.
Il patto è inciso. Ti misurano.,El pacto está grabado. Te miden.
Il patto ti lega. La folla annusa il sangue.,El pacto te ata. La grada huele la sangre.
"Il pubblico calcola, non parteggia.",La grada calcula; no toma partido.
Il Registro sente una folla senza indulgenza.,El Registro oye a una grada sin indulgencia.
Il silenzio pesa più dell'acciaio.,El silencio pesa más que el acero.
"Il tuo nome urla, ma il prezzo sale.","Tu nombre ruge, pero el precio sube."
Incassi e scappi. Non ti lasciano respirare.,Cobras y huyes. No te dejan respirar.
Incassi e vai. Il giudizio resta.,Cobras y te vas. El juicio permanece.
Incassi mentre vogliono di più. Ti giudicano.,Cobras mientras quieren más. Te juzgan.
Incasso facile. Il silenzio ti pesa addosso.,Cobro fácil. El silencio pesa sobre ti.
Incasso preso. Il pubblico non si muove.,Cobro aceptado. La grada no se mueve.
L'arena ti pesa addosso.,La arena pesa sobre ti.
La firma pesa. Il pubblico resta in giudizio.,La firma pesa. La grada sigue juzgando.
"La folla chiama sangue, non prudenza.","La grada pide sangre, no prudencia."
La folla in furia pretende una caduta registrata.,La grada furiosa exige una caida registrada.
La folla ti vuole oltre. La firma è l'inizio.,La grada te quiere más alla. La firma es solo el principio.
La gradinata rifiuta la tua uscita.,La grada rechaza tu salida.
"Nessun calore, solo misura.","Sin calor, solo medida."
"Nessun grido, solo occhi fissi.","Sin gritos, solo miradas fijas."
"Non applaudono, registrano.",No aplauden; registran.
Non cercano vittoria: cercano il prezzo.,No buscan la victoria: buscan el precio.
Non ti credono degno di chiudere il patto.,No te consideran digno de cerrar el pacto.
Ogni colpo chiede di più.,Cada golpe exige más.
Ogni mossa apre un conto.,Cada movimiento abre una cuenta.
Ogni passo indietro diventa accusa.,Cada paso atras se convierte en acusación.
Patto chiuso. L'arena ti osserva.,Pacto cerrado. La arena te observa.
"Per loro sei garanzia, non campione.","Para ellos eres garantia, no campeon."
Perduto. Il loro giudizio resta addosso.,Perdido. Su juicio se te queda pegado.
Qui la cautela viene letta come debito.,Aquí la cautela se interpreta como deuda.
Resti dentro. La folla pretende il tuo errore.,Te quedas dentro. La grada exige tu error.
Resti dentro. Ti chiedono l'eccesso.,Te quedas dentro. Te exigen el exceso.
Resti. Nessuno ti salva.,Te quedas. Nadie te salva.
Rimani. Il pubblico ti pesa addosso.,Permaneces. La grada pesa sobre ti.
"Se esiti, la pressione ti stringe.","Si dudas, la presión se cierra sobre ti."
"Se rallenti, ti strappano la gloria.","Si aflojas, te arrancan la gloria."
Sei caduto. Hanno avuto il sangue.,Has caido. Han obtenido la sangre.
Sei caduto. Ti volevano in ginocchio.,Has caido. Te querian de rodillas.
Sei crollato. Hanno avuto il sacrificio.,Te has derrumbado. Han obtenido el sacrificio.
Sei crollato. Nessun suono.,Te has derrumbado. Ni un sonido.
Ti alzano in alto per pesare la caduta.,Te elevan para medir la caida.
"Ti concedono spazio, non rispetto.","Te conceden espacio, no respeto."
Ti fermi mentre urlano. Ora è delusione.,Te detienes mientras rugen. Ahora llega la decepción.
Ti fermi qui. Nessuno ti segue.,Te detienes aquí. Nadie te sigue.
Ti osservano e aspettano l'errore.,Te observan y esperan el error.
Ti seguono senza pietà né favore.,Te siguen sin piedad ni favor.
Ti sei fermato in alto. Ti lasciano cadere.,Te has detenido en lo alto. Te dejan caer.
Ti sei fermato. Troppo presto per essere pulito.,Te has detenido. Demasiado pronto para quedar limpio.
Ti sei tirato indietro. La folla non dimentica.,Te has echado atras. La grada no olvida.
Ti spingi avanti. L'arena grida il rischio.,Sigues adelante. La arena grita por el riesgo.
Ti spingono al gesto che lascia segno.,Te empujan hacia el gesto que deja marca.
"Ti vogliono oltre il limite, senza ritorno.","Te quieren más alla del límite, sin retorno."
"Vogliono che tu rischi tutto, ora.","Quieren que lo arriesgues todo, ahora."
Vogliono vedere il conto saldato in arena.,Quieren ver la cuenta saldada en la arena.
Come e' stata ottenuta:,Cómo se obtuvo:
"[center][i]Sigillo del Registro - la folla arretra, il verbale resta.[/i][/center]","[center][i]Sello del Registro - la multitud retrocede, el acta permanece.[/i][/center]"
Condizione registrata.,Condición registrada.
Configurazione stabile.,Configuración estable.
Oscillazione registrata.,Oscilación registrada.
Campionamento incompleto.,Muestreo incompleto.
Deviazione contenuta.,Desviación contenida.
Esito previsto.,Resultado previsto.
Deviazione improbabile.,Desviación improbable.
VIA DELLA PRUDENZA,VÍA DE LA PRUDENCIA
"Tieni il margine. Ricompensa bassa, pressione stabile.","Conserva el margen. Recompensa baja, presión estable."
"Ricompensa contenuta: registri poco, ma tieni margine e pressione sotto controllo.","Recompensa moderada: registras poco, pero conservas margen y controlas la presión."
Vinci l'arena senza rilanciare la pressione.,Vence en la arena sin aumentar la presión.
"Hai scelto il margine.
La folla non esulta, ma il Registro resta aperto.
L'arena lascia comunque il segno.
Effetto: cicatrice OSSA INCRINATE, ogni futura scommessa più rischiosa.","Elegiste el margen.
La grada no aclama, pero el Registro sigue abierto.
La arena deja su marca.
Efecto: cicatriz HUESOS AGRIETADOS; las próximas apuestas siguen siendo arriesgadas."
Hai scelto il margine.,Elegiste el margen.
"La folla non esulta, ma il Registro resta aperto.","La grada no aclama, pero el Registro sigue abierto."
L'arena lascia comunque il segno.,La arena deja su marca.
"Effetto: cicatrice OSSA INCRINATE, ogni futura scommessa più rischiosa.",Efecto: cicatriz HUESOS AGRIETADOS; las próximas apuestas siguen siendo arriesgadas.
VIA DELL'HYBRIS,VÍA DE LA HYBRIS
"Spingi oltre. Ritorno alto, margine nullo.","Ve más allá. Retorno alto, margen nulo."
"Ricompensa alta: moltiplica la posta, ma ogni rilancio alza la pressione.","Recompensa alta: multiplica la apuesta, pero cada doble aumenta la presión."
Vinci l'arena accettando che il fallimento chiuda il percorso.,Vence en la arena aceptando que fallar cierra el recorrido.
"Hai promesso tutto.
Non esiste margine.
La folla trattiene il fiato.
Effetto: il percorso si chiude senza appello.","Lo prometiste todo.
No hay margen.
La grada contiene el aliento.
Efecto: el recorrido se cierra sin apelación."
Hai promesso tutto.,Lo prometiste todo.
Non esiste margine.,No hay margen.
Effetto: il percorso si chiude senza appello.,Efecto: el recorrido se cierra sin apelación.
Firmi e rinunci alla via facile. Il debito resta aperto.,Firmas y renuncias a la vía fácil. La deuda sigue abierta.
Vinci l'arena e non spezzare la promessa.,Vence en la arena sin romper la promesa.
"Il sigillo non si scioglie.
Ogni passo stringe il debito.
Effetto: cicatrice MARCHIO DEL DEBITO, ogni futura scommessa pesa di più.","El sello no se disuelve.
Cada paso estrecha la deuda.
Efecto: cicatriz MARCA DE LA DEUDA; cada futura apuesta pesa más."
Il sigillo non si scioglie.,El sello no se disuelve.
Ogni passo stringe il debito.,Cada paso estrecha la deuda.
"Effetto: cicatrice MARCHIO DEL DEBITO, ogni futura scommessa pesa di più.",Efecto: cicatriz MARCA DE LA DEUDA; cada futura apuesta pesa más.
Iscrivi il tuo nome nel registro rosso.,Inscribe tu nombre en el registro rojo.
Vinci l'arena sapendo che ogni colpo ha un prezzo.,Vence en la arena sabiendo que cada golpe tiene un precio.
"Il libro chiede sangue.
Il tributo è inciso nella carne.
Effetto: il Registro annota un'esposizione grave e la quietanza resta chiusa per un'arena.","El libro exige sangre.
El tributo queda grabado en la carne.
Efecto: el Registro anota una exposición grave y el recibo queda cerrado durante una arena."
Il libro chiede sangue.,El libro exige sangre.
Il tributo è inciso nella carne.,El tributo queda grabado en la carne.
Effetto: il Registro annota un'esposizione grave e la quietanza resta chiusa per un'arena.,Efecto: el Registro anota una exposición grave y el recibo queda cerrado durante una arena.
Offri la vittoria come carne alla folla.,Ofrece la victoria como carne a la grada.
Vinci l'arena e lascia il pubblico in estasi.,Vence en la arena y deja a la grada en éxtasis.
"La folla pretende spettacolo.
Un passo falso diventa scherno.
Effetto: cicatrice MARCHIO DELLA VERGOGNA, arene più dure.","La grada exige espectáculo.
Un paso en falso se vuelve burla.
Efecto: cicatriz MARCA DE LA VERGÜENZA; arenas más duras."
La folla pretende spettacolo.,La grada exige espectáculo.
Un passo falso diventa scherno.,Un paso en falso se vuelve burla.
"Effetto: cicatrice MARCHIO DELLA VERGOGNA, arene più dure.",Efecto: cicatriz MARCA DE LA VERGÜENZA; arenas más duras.
Rilanci oltre il respiro.,Apuesta más allá de tu último aliento.
Vinci l'arena con il cuore in gola.,Vence en la arena con el corazón en un puño.
"Ogni colpo è l'ultimo.
Il destino stringe il passo.
Effetto: cicatrice GRAVE, cammino compromesso.","Cada golpe es el último.
El destino estrecha el paso.
Efecto: cicatriz GRAVE; recorrido comprometido."
Ogni colpo è l'ultimo.,Cada golpe es el último.
Il destino stringe il passo.,El destino estrecha el paso.
"Effetto: cicatrice GRAVE, cammino compromesso.",Efecto: cicatriz GRAVE; recorrido comprometido.
Accetti il verdetto scritto nel sangue.,Acepta el veredicto escrito con sangre.
"Il verdetto è sangue.
Il tributo non si discute.
Effetto: il Registro annota un'esposizione grave e la quietanza resta chiusa per un'arena.","El veredicto es sangre.
El tributo no se discute.
Efecto: el Registro anota una exposición grave y el recibo queda cerrado durante una arena."
Il verdetto è sangue.,El veredicto es sangre.
Il tributo non si discute.,El tributo no se discute.
Giuri e consegni il futuro.,Jura y entrega el futuro.
"Il giuramento stringe la catena.
Ogni passo pesa il doppio.
Effetto: cicatrice MARCHIO DEL DEBITO, ogni futura scommessa pesa di più.","El juramento aprieta la cadena.
Cada paso pesa el doble.
Efecto: cicatriz MARCA DE LA DEUDA; cada futura apuesta pesa más."
Il giuramento stringe la catena.,El juramento aprieta la cadena.
Ogni passo pesa il doppio.,Cada paso pesa el doble.
Offri pietà come spettacolo.,Ofrece piedad como espectáculo.
"La misericordia è una trappola.
Il pubblico pretende il crollo.
Effetto: cicatrice MARCHIO DELLA VERGOGNA, arene più dure.","La misericordia es una trampa.
La grada exige el derrumbe.
Efecto: cicatriz MARCA DE LA VERGÜENZA; arenas más duras."
La misericordia è una trappola.,La misericordia es una trampa.
Il pubblico pretende il crollo.,La grada exige el derrumbe.
"Paghi per tacere, firmi comunque.","Pagas por callar, pero firmas igualmente."
Vinci l'arena senza cercare scuse.,Vence en la arena sin buscar excusas.
"Il silenzio costa più della parola.
La catena non si allenta.
Effetto: cicatrice MARCHIO DEL DEBITO, ogni futura scommessa pesa di più.","El silencio cuesta más que las palabras.
La cadena no se afloja.
Efecto: cicatriz MARCA DE LA DEUDA; cada futura apuesta pesa más."
Il silenzio costa più della parola.,El silencio cuesta más que las palabras.
La catena non si allenta.,La cadena no se afloja.
Il pubblico è dalla tua parte. Sempre.,La grada está de tu parte. Siempre.
"Respiri corto.
Ogni colpo è l'ultimo.
Il destino pesa sulle ossa.
Effetto: cicatrice GRAVE, cammino compromesso.","Te falta el aliento.
Cada golpe es el último.
El destino pesa sobre tus huesos.
Efecto: cicatriz GRAVE; recorrido comprometido."
Respiri corto.,Te falta el aliento.
Il destino pesa sulle ossa.,El destino pesa sobre tus huesos.
SIGILLO DI CERA,SELLO DE CERA
"Il debito resta aperto, ma il Registro concede margine.","La deuda sigue abierta, pero el Registro concede margen."
LIBRO DI SANGUE,LIBRO DE SANGRE
Il tributo alza la posta e sporca ogni vittoria.,El tributo eleva la apuesta y mancha cada victoria.
BANCHETTO DELLA FOLLA,BANQUETE DE LA GRADA
La folla paga in gloria e pretende spettacolo.,La grada paga en gloria y exige espectáculo.
ULTIMA PUNTATA,ÚLTIMA APUESTA
"Rilanci oltre il respiro: alto ritorno, margine fragile.","Apuesta más allá del aliento: retorno alto, margen frágil."
VERDETTO ROSSO,VEREDICTO ROJO
Accetti che ogni colpo abbia costo amministrativo.,Acepta el coste administrativo de cada golpe.
GIURAMENTO A CATENA,JURAMENTO ENCADENADO
"Patto stabile: meno caos, più debito.","Pacto estable: menos caos, más deuda."
ESCA DI MISERICORDIA,CEBO DE MISERICORDIA
La pietà diventa scena: il pubblico giudica la posa.,La piedad se vuelve escena: la grada juzga la pose.
TANGENTE DEL SILENZIO,SOBORNO DEL SILENCIO
"Paghi per tacere: pressione più bassa, debito più saldo.","Paga por callar: menos presión, deuda más firme."
APPLAUSO GARANTITO,APLAUSO GARANTIZADO
"La promessa è falsa, ma il rischio è vero.","La promesa es falsa, pero el riesgo es real."
L'arena dimentica. Il Registro no.,La arena olvida. El Registro no.
Il tuo passaggio è registrato.,Tu paso queda registrado.
RIPRENDI IL PERCORSO,RETOMA TU CAMINO
CREDITS_BODY,"GALLICUS

Un juego sobre el riesgo y las huellas que deja.

Gracias a quienes participan en las pruebas."
PATTI DISPONIBILI,PACTOS DISPONIBLES
Ogni rischio accettato lascia un segno.,Cada riesgo aceptado deja una marca.
Il Registro conserva le tue scelte.,El Registro conserva tus decisiones.
SALTA,SALTAR
Hai rifiutato l'incasso quando potevi fermarti.,Rechazaste cobrar cuando podías detenerte.
"Il pubblico aveva gia contato le monete.
Tu hai chiuso il pugno.","El público ya había contado las monedas.
Tú cerraste el puño."
Hai rifiutato l'incasso piu di una volta nella stessa run.,Rechazaste cobrar más de una vez en el mismo recorrido.
"La folla ha smesso di gridare.
Ha iniziato a guardare.","La multitud dejó de gritar.
Empezó a observar."
Hai continuato a rilanciare quando il rischio era ormai evidente.,Seguiste subiendo la apuesta cuando el riesgo ya era evidente.
"Non era piu una scommessa.
Era una dimostrazione.","Ya no era una apuesta.
Era una demostración."
Hai rilanciato e perso il percorso subito dopo.,Subiste la apuesta y perdiste el recorrido justo después.
"Il silenzio dell'arena
e durato piu del previsto.","El silencio de la arena
duró más de lo previsto."
Hai firmato il tuo primo patto.,Firmaste tu primer pacto.
Nessuno ti ha forzato la mano.,Nadie te obligó.
Hai firmato un patto che ha chiuso il percorso.,Firmaste un pacto que cerró el recorrido.
"La sentenza era scritta.
Hai solo aggiunto il nome.","La sentencia estaba escrita.
Solo añadiste tu nombre."
Hai scelto una condanna senza ricevere alcun reward.,Elegiste una condena sin recibir ninguna recompensa.
"Nessun premio sul banco.
La condanna è iscritta.","Ningún premio en el mostrador.
La condena está inscrita."
Hai perso il percorso a causa diretta di un patto firmato.,Perdiste el recorrido como consecuencia directa de un pacto firmado.
"Il costo era nel patto.
Ora è nel fascicolo.","El coste estaba en el pacto.
Ahora está en el expediente."
Hai continuato una run nonostante le tue condizioni critiche.,Continuaste un recorrido pese a tu estado crítico.
Il corpo era gia un avviso.,Tu cuerpo ya era una advertencia.
Hai evitato la chiusura per un soffio.,Evitaste el cierre por muy poco.
"Il pubblico ha sospirato.
Tu no.","El público suspiró.
Tú no."
Hai incassato dopo una sequenza di scelte rischiose.,Cobraste tras una serie de decisiones arriesgadas.
"La quietanza porta la cifra incassata.
Le firme restano dove sono.","El recibo lleva la cifra cobrada.
Las firmas se quedan donde están."
Hai incassato con un livello di rischio estremamente alto.,Cobraste con un nivel de riesgo extremadamente alto.
Questa volta.,Esta vez.
Hai perso la tua prima run.,Perdiste tu primer recorrido.
L'arena non fa sconti ai nuovi.,La arena no hace concesiones a los recién llegados.
Hai perso il percorso vicino a una soglia decisiva.,Perdiste el recorrido cerca de un umbral decisivo.
"Il percorso si è chiuso.
Il verbale si ferma qui.","El recorrido se ha cerrado.
El acta termina aquí."
Hai preso una decisione rischiosa un attimo prima della fine.,Tomaste una decisión arriesgada justo antes del final.
"L’ultimo rischio è iscritto.
Dopo, il verbale si chiude.","El último riesgo está inscrito.
Después, el acta se cierra."
Hai perso il percorso senza errori meccanici evidenti.,Perdiste el recorrido sin errores mecánicos evidentes.
Nessuno ha barato.,Nadie hizo trampas.
Hai completato una run.,Completaste un recorrido.
Il percorso ha una copia nel Registro.,El recorrido tiene una copia en el Registro.
Hai attirato l'attenzione totale della folla.,Atrajiste toda la atención de la multitud.
Non eri piu solo.,Ya no estabas solo.
Il pubblico ha iniziato a riconoscerti.,El público empezó a reconocerte.
Ora sanno chi sei.,Ahora saben quién eres.
Sei tornato all'arena dopo una sconfitta.,Volviste a la arena después de una derrota.
L'arena e ancora li.,La arena sigue ahí.
Il Registro ha chiuso il fascicolo per compromissione (ending_corruption).,El Registro cerró el expediente por compromiso.
"La deviazione ha superato la soglia.
Il Registro ha emesso chiusura definitiva.","La desviación superó el umbral.
El Registro ordenó el cierre definitivo."
Il Registro ha chiuso il fascicolo per ascesa (ending_glory).,El Registro cerró el expediente por ascenso.
"L'evidenza di ascesa e risultata prevalente.
Il fascicolo e stato definito.","Las pruebas de ascenso prevalecieron.
El expediente quedó resuelto."
Il Registro ha chiuso il fascicolo per consumo (ending_scars).,El Registro cerró el expediente por desgaste.
"L'accumulo di consumo e stato ritenuto definitivo.
Il Registro ha concluso l'atto.","El desgaste acumulado se consideró definitivo.
El Registro concluyó el acta."
Il Registro ha chiuso il fascicolo per pattern consolidato (ending_pattern).,El Registro cerró el expediente por un patrón consolidado.
"La ripetizione e risultata sufficiente.
La classificazione è stata archiviata.","La repetición fue suficiente.
La clasificación quedó archivada."
CATENA DI DEBITO,CADENA DE DEUDA
DECIMA DI SANGUE,DIEZMO DE SANGRE
PIACERE AL PUBBLICO,COMPLACER AL PÚBLICO
ULTIMO RESPIRO,ÚLTIMO ALIENTO
CAMBIALE DI SANGUE,PAGARÉ DE SANGRE
PEGNO DI CARNE,PRENDA DE CARNE
USURA SACRA,USURA SAGRADA
CONFISCA,CONFISCACIÓN
VANTO A LAMA,ALARDES DE ACERO
SPECCHIO ROTTO,ESPEJO ROTO
CORONA DI POLVERE,CORONA DE POLVO
OCCHI SU DI TE,OJOS SOBRE TI
DIECI SECONDI,DIEZ SEGUNDOS
ULTIMO BATTITO,ÚLTIMO LATIDO
RESPIRO RUBATO,ALIENTO ROBADO
ORA CORTA,HORA BREVE
NESSUNA PERDITA,NINGUNA PÉRDIDA
APPLAUDE SENZA RISCHIO,APLAUSOS SIN RIESGO
PAGAMENTO DOPO,PAGO DESPUÉS
Arena del Debito,Arena de la Deuda
Arena del Silenzio,Arena del Silencio
Arena del Sangue,Arena de la Sangre
Il fascicolo conserva gli esiti. Qui ritrovi i vincoli delle promesse disponibili.,El expediente conserva los resultados. Aquí puedes consultar los vínculos de las promesas disponibles.
La gradinata ricorda l'esposizione. Le sue voci si sono fatte più dure.,La grada recuerda la exposición. Sus voces se han vuelto más duras.
La gradinata accompagna i gesti. Le sue voci non sono il responso del Registro.,La grada acompaña los gestos. Sus voces no son el dictamen del Registro.
ESCI DAL GIOCO,SALIR DEL JUEGO
Gufo scrivano,Búho escribano
"Nerio allinea le copie con il bordo dell’ala. Di una raschiatura ricorda il punto esatto, non perché gli sia stata chiesta. Una pagina storta gli lascia il lavoro a metà.","Nerio alinea las copias con el borde del ala. De un raspado recuerda el punto exacto, no por qué se lo pidieron. Una hoja torcida le deja el trabajo a medias."
Gufo delle quote,Búho de las cuotas
Vessa tiene il piumaggio composto e conta gli spazi vuoti sulla tavola delle quote. Gli altri le mostrano le ferite; lei guarda quanto margine rimane.,Vessa lleva el plumaje arreglado y cuenta los huecos en la tabla de cuotas. Los demás le muestran las heridas; ella mira cuánto margen queda.
Gufo banditore,Búho pregonero
Orvo tiene un ciuffo verso i colleghi e l’altro verso la gradinata. Prova il richiamo sottovoce. Prima di lanciarlo aspetta che l’ultima fila ascolti: un annuncio sprecato non lo recupera.,Orvo orienta un penacho hacia sus colegas y el otro hacia la grada. Ensaya el pregón en voz baja. Antes de lanzarlo espera a que escuche la última fila: un anuncio desperdiciado no se recupera.
Nerio: Aspetta. La firma è ancora fresca.,Nerio: Espera. La firma aún está fresca.
Vessa: Intanto posso vendere il margine.,Vessa: Mientras tanto puedo vender el margen.
Orvo: Posso annunciarlo?,Orvo: ¿Puedo anunciarlo?
Nerio: Quando hai finito di muovermi la copia.,Nerio: Cuando dejes de moverme la copia.
Vessa: Fra quelle righe ci sta ancora qualcosa.,Vessa: Entre esas líneas aún cabe algo.
Nerio: Ci sta la raschiatura. Lascia stare.,Nerio: Cabe el raspado. Déjalo.
Orvo: Dall’ultima fila non mi sentono.,Orvo: En la última fila no me oyen.
Vessa: Ma restano seduti. Continua.,Vessa: Pero siguen sentados. Sigue.
Vessa: La gradinata aspetta.,Vessa: La grada espera.
Orvo: Aspetto che smettano di parlare.,Orvo: Espero a que dejen de hablar.
Nerio: Hai saltato l’ultima riga.,Nerio: Te has saltado la última línea.
Orvo: La tengo per quando ascoltano.,Orvo: La guardo para cuando escuchen.
Nerio: Un’altra copia.,Nerio: Otra copia.
Vessa: Il margine lo prendo io.,Vessa: El margen me lo quedo yo.
Orvo: Lo stesso annuncio?,Orvo: ¿El mismo anuncio?
Nerio: Guarda il foglio.,Nerio: Mira la hoja.
Vessa: È rimasto margine?,Vessa: ¿Queda margen?
Nerio: Serve a me.,Nerio: Lo necesito yo.
Orvo: L’ultima fila non sente.,Orvo: La última fila no oye.
Vessa: Ma resta.,Vessa: Pero se queda.
Vessa: Aspettano.,Vessa: Esperan.
Orvo: Aspetto anch’io.,Orvo: Yo también espero.
Nerio: L’annuncio?,Nerio: ¿El anuncio?
Orvo: Manca l’ultima riga.,Orvo: Falta la última línea.
GUFI DELL’ARENA,BÚHOS DE LA ARENA
Voci dei Gufi,Voces de los Búhos
Gallo della soglia,Gallo del umbral
"Rugo liscia sempre la stessa penna del petto. Nella cresta ha una tacca dei giorni in cui copriva gli annunci. Ora ascolta dalla soglia, col becco basso. La voce ce l’ha ancora; sceglie quando usarla.","Rugo se alisa siempre la misma pluma del pecho. La muesca de su cresta viene de cuando tapaba los anuncios. Ahora escucha desde el umbral, con el pico bajo. Aún tiene voz; elige cuándo usarla."
Gallina della gradinata,Gallina de la grada
Dima tiene la zampa sul posto accanto finché la gradinata si riempie. Poi la toglie. Le basta il passo sulla pietra per sapere chi è arrivato. Vessa conta i posti; Dima ricorda chi ci sedeva.,Dima mantiene la pata en el sitio de al lado hasta que se llena la grada. Luego la retira. Le basta un paso sobre la piedra para saber quién ha llegado. Vessa cuenta sitios; Dima recuerda quién se sentaba en ellos.
Rugo: Hai copiato anche la tacca?,Rugo: ¿Has copiado también la muesca?
Nerio: Sul foglio non c’era.,Nerio: No estaba en la hoja.
"Vessa: Quel posto è libero, Dima.","Vessa: Ese asiento está libre, Dima."
Dima: Il righello lascialo dov’è.,Dima: Deja la regla donde está.
"Orvo: Non canti più, Rugo?","Orvo: ¿Ya no cantas, Rugo?"
Rugo: Aspetto che finisca il tuo richiamo.,Rugo: Espero a que termine tu pregón.
"Dima: Ti ho sentito arrivare, prima del richiamo.","Dima: Te he oído llegar, antes del canto."
Rugo: Il passo non l’ho cambiato.,Rugo: No he cambiado el paso.
Rugo: La tacca resta.,Rugo: La muesca sigue.
Nerio: Qui non c’è.,Nerio: Aquí no está.
Vessa: Posso misurare?,Vessa: ¿Puedo medir?
Dima: Fino a qui.,Dima: Hasta aquí.
"Orvo: Rugo, ci sei?","Orvo: ¿Rugo, estás ahí?"
Rugo: Ho ancora voce.,Rugo: Aún tengo voz.
Dima: Lo stesso passo.,Dima: El mismo paso.
Rugo: Mi hai sentito.,Rugo: Me has oído.
PRESENZE DELL’ARENA,PRESENCIAS DE LA ARENA
Voci dell’arena,Voces de la arena
Registro,Registro
Terminale rituale · stato,Terminal ritual · estado
La prima copia,La primera copia
La tavoletta entra qui. Guarda il vetro: torna soltanto ciò che hai accettato.,La tablilla entra aquí. Mira el cristal: solo devuelve lo que has aceptado.
"INGRESSO APERTO
Nessuna promessa iscritta.","ENTRADA ABIERTA
Ninguna promesa inscrita."
E quando Orvo copriva la mia voce? Qui arrivava qualcosa?,¿Y cuando Orvo tapaba mi voz? ¿Aquí llegaba algo?
Arrivava la firma.,Llegaba la firma.
Io avevo finito il fiato. Quella l’hai presa tutta?,Yo ya no tenía aliento. ¿La copiaste entera?
"Tutta. È qui, se vuoi controllare.","Entera. Está aquí, si quieres comprobarlo."
La stessa riga,La misma línea
Un altro foglio. Il posto accanto è ancora vuoto.,Otra hoja. El sitio de al lado sigue vacío.
Lo riconosceresti ancora dal passo?,¿Aún reconocerías sus pasos?
Si fermava qui. Orvo ora tira dritto con l’annuncio. Non lascia più quella pausa.,Se paraba aquí. Ahora Orvo sigue con el anuncio. Ya no deja esa pausa.
"ARCHIVIO DISPONIBILE
Tracce conservate.","ARCHIVO DISPONIBLE
Huellas conservadas."
Ho cambiato la tavoletta. Guarda: il solco torna proprio qui.,He cambiado la tablilla. Mira: el surco vuelve justo aquí.
"Sì, lo vedo. Ma ti stavo parlando del posto.","Sí, lo veo. Pero te estaba hablando del sitio."
Il posto accanto,El asiento de al lado
Ho allineato anche l’ultima pila. Non resta nulla fuori margine.,También he alineado la última pila. No queda nada fuera del margen.
Dalla soglia entra ancora aria. La senti?,Por el umbral aún entra aire. ¿Lo notas?
Il posto accanto lo lascio libero.,Dejo libre el asiento de al lado.
Non lo tieni più?,¿Ya no lo guardas?
No. Tolgo la zampa.,No. Quito la pata.
Allora resto qui. Senza chiamare.,Entonces me quedo aquí. Sin llamar.
ASCOLTA,ESCUCHA
TORNA AL RITO,VUELVE AL RITO
SALTA DIALOGO,OMITIR DIÁLOGO
Gloria %d,Gloria %d
Arena %d,Arena %d
La quietanza si apre dall'arena %d.,El recibo se abre desde la arena %d.
Decima di Sangue: quietanza bloccata ancora per %d arena.,Diezmo de Sangre: el recibo sigue bloqueado %d arena más.
Hai placato la folla: raddoppio bloccato.,Calmaste a la grada: doblar está bloqueado.
Ultima arena: prendi la quietanza.,Última arena: toma el recibo.
Arena del Disprezzo: quietanza vietata.,Arena del Desprecio: el recibo está prohibido.
SE IL PATTO REGGE,SI EL PACTO RESISTE
SE IL PATTO CEDE,SI EL PACTO CEDE
Nessun patto firmato.,Ningún pacto firmado.
Gloria del percorso: %d,Gloria del recorrido: %d
Segni: %d,Marcas: %d
NUOVE VOCI D'ARCHIVIO,NUEVAS ENTRADAS DEL ARCHIVO
Se il patto cede: %s,Si el pacto cede: %s
"CASO ANALOGO RILEVATO.
PRECEDENTE: FELIX GALLICUS.","CASO ANÁLOGO DETECTADO.
PRECEDENTE: FELIX GALLICUS."
"PRECEDENTE: FELIX GALLICUS.
FASCICOLO ANCORA APERTO.","PRECEDENTE: FELIX GALLICUS.
EXPEDIENTE AÚN ABIERTO."
NESSUNA ULTERIORE DECISIONE RILEVANTE.,NINGUNA DECISIÓN RELEVANTE MÁS.
In posta %d Gloria,%d Gloria en juego
Arena %d di %d,Arena %d de %d
La posta di %d Gloria resta in gioco. Pressione +%d.,La apuesta de %d Gloria sigue en juego. Presión +%d.
Regge spesso,Aguanta a menudo
Regge a volte,Aguanta a veces
Regge di rado,Rara vez aguanta
%s: +%d Gloria in posta.,%s: +%d Gloria a la apuesta.
%s: la posta raddoppia.,%s: la apuesta se dobla.
Perdi metà della posta.,Pierdes la mitad de la apuesta.
Perdi tutta la posta.,Pierdes toda la apuesta.
Il Registro resta aperto: incassa la posta o rilancia.,El Registro sigue abierto: cobra la apuesta o sube.
Ogni colpo mette alla prova la cera.,Cada golpe pone a prueba la cera.
IMPRIMI IL SIGILLO,IMPRIME EL SELLO
ALZA LA MANO,LEVANTA LA MANO
IL SIGILLO REGGE - COLPISCI ANCORA O ALZA LA MANO,EL SELLO RESISTE - GOLPEA DE NUEVO O LEVANTA LA MANO
SIGILLO PIENO - IL REGISTRO PUÒ AVANZARE,SELLO LLENO - EL REGISTRO PUEDE AVANZAR
LA CERA SI INCRINA - IL SIGILLO CEDE,LA CERA SE AGRIETA - EL SELLO CEDE
Il sigillo regge: +%d Gloria in posta.,El sello resiste: +%d de Gloria en juego.
"Un altro colpo: %s, altri +%d Gloria. Se la cera si incrina, il patto cede.","Otro golpe: %s, +%d de Gloria más. Si la cera se agrieta, el pacto cede."
La cera si incrina.,La cera se agrieta.
"Mostra un Segno alla gradinata: il sigillo regge, ma il corpo paga con un nuovo segno. Una volta per percorso.","Muestra una Marca a las gradas: el sello resiste, pero el cuerpo paga con una nueva marca. Una vez por recorrido."
LA CERA SI INCRINA - MOSTRA UN SEGNO O LASCIA CEDERE,LA CERA SE AGRIETA - MUESTRA UNA MARCA O DEJA QUE CEDA
LASCIA CEDERE,DEJA QUE CEDA
MOSTRA UN SEGNO,MUESTRA UNA MARCA
IL SEGNO SALVA IL SIGILLO - IL CORPO PAGA,LA MARCA SALVA EL SELLO - EL CUERPO PAGA
Segno mostrato alla gradinata,Marca mostrada a las gradas
La gradinata vuole sangue.,La grada quiere sangre.
La gradinata raccoglie la sabbia.,La grada recoge la arena.
La gradinata si annoia.,La grada se aburre.
La gradinata trattiene il fiato.,La grada contiene el aliento.
Favore -1.,Favor -1.
Favore -2.,Favor -2.
"Favore +1, Pressione +1. Se il patto regge, posta +1.","Favor +1, Presión +1. Si el pacto resiste, apuesta +1."
Ti ripari: non cambia nulla.,Te cubres: nada cambia.
"Favore +2, ma la sabbia lascia un Segno.","Favor +2, pero la arena deja una Marca."
"Favore +2, Pressione +1: l'occhio è già perduto.","Favor +2, Presión +1: el ojo ya está perdido."
"Favore +1, Pressione +1.","Favor +1, Presión +1."
"Favore +1, Pressione -1.","Favor +1, Presión -1."
"Favore -2, Pressione +1. Se il patto regge, posta +1.","Favor -2, Presión +1. Si el pacto resiste, apuesta +1."
Il sigillo ha retto: la gradinata approva.,El sello resistió: la grada aprueba.
Il sigillo ha ceduto: la gradinata si raffredda.,El sello cedió: la grada se enfría.
LA GRADINATA,LA GRADA
Favore %+d.,Favor %+d.
Ostile: blocca la quietanza.,Hostil: bloquea el recibo.
Fredda: la quietanza rende meno.,Fría: el recibo rinde menos.
Ben disposta: il sigillo regge un po' di più.,Bien dispuesta: el sello resiste un poco más.
Ti acclama: il sigillo regge di più.,Te aclama: el sello resiste más.
LA GRADINATA TI PORTA: posta +2.,LA GRADA TE LLEVA: apuesta +2.
"LA GRADINATA SI RIVOLTA: un Segno, Pressione +1.","LA GRADA SE REBELA: una Marca, Presión +1."
Scambio %d di %d:,Intercambio %d de %d:
Rivolta della gradinata,Rebelión de la grada
Sabbia della gradinata,Arena de la grada
BANCO DI VESSA,MOSTRADOR DE VESSA
Conto %d Denari,Cuenta %d Denarios
%d Denari,%d Denarios
COMPRA IL FAVORE,COMPRA EL FAVOR
PAGA LA PRESSIONE,PAGA LA PRESIÓN
ASSICURA LA POSTA,ASEGURA LA APUESTA
Favore +2.,Favor +2.
Pressione -2.,Presión -2.
"Se il sigillo cede, la posta resta.","Si el sello cede, la apuesta se queda."
Conto in debito. Salda con la quietanza per riaprire il banco.,Cuenta en deuda. Sáldala con el recibo para reabrir el mostrador.
La posta di questa arena è assicurata.,La apuesta de esta arena está asegurada.
La gradinata lancia monete: Denari +%d.,La grada lanza monedas: Denarios +%d.
La rivolta costa: Denari -%d.,La rebelión cuesta: Denarios -%d.
Quietanza versata: Denari +%d.,Finiquito ingresado: Denarios +%d.
Vessa iscrive il debito: Denari -%d.,Vessa anota la deuda: Denarios -%d.
Banco di Vessa: Denari -%d.,Mostrador de Vessa: Denarios -%d.
Vessa ricorda il debito: Pressione +1.,Vessa recuerda la deuda: Presión +1.
La polizza di Vessa salva la posta.,La póliza de Vessa salva la apuesta.
Comprato al banco: Favore +2.,Comprado en el mostrador: Favor +2.
Debito con Vessa,Deuda con Vessa
Il conto di Vessa,La cuenta de Vessa
Questo è il tuo conto da Vessa. Le cifre le copio io; il margine lo decide lei.,Esta es tu cuenta con Vessa. Yo copio las cifras; ella decide el margen.
Prima dei Denari pagavamo con la voce. Quella dove la metti?,Antes de los Denarios pagábamos con la voz. ¿Eso dónde lo pones?
"Sul conto ci sono i Denari, Dima. Per la voce non ho una cifra.","En la cuenta hay Denarios, Dima. Para la voz no tengo una cifra."
E quando il conto scende sotto zero?,¿Y cuando la cuenta baja de cero?
"Vessa lo ricorda alla gradinata. A ogni arena, finché resta il debito.","Vessa se lo recuerda a la grada. En cada arena, mientras quede deuda."
Così la voce torna buona. Per riscuotere.,Así que la voz sí sirve. Para cobrar.
La sabbia nelle tasche,Arena en los bolsillos
Hai visto la prima fila? Ha le tasche piene di sabbia.,¿Has visto la primera fila? Tiene los bolsillos llenos de arena.
Prima restava sotto i passi. Almeno copriva i segni.,Antes se quedaba bajo los pasos. Al menos tapaba las marcas.
"Adesso se la tengono. Se il patto non piace, la tirano.","Ahora la guardan. Si el pacto no gusta, la tiran."
E quando piace?,¿Y cuando les gusta?
Tirano monete. Vessa è già lì che le conta.,Tiran monedas. Vessa ya está contándolas.
Quelle almeno si vedono arrivare.,Esas al menos las ves venir.
Il richiamo,La llamada
Orvo sta provando il richiamo. Lo sento anche quando crede di parlare piano.,Orvo está ensayando el pregón. Lo oigo hasta cuando cree que habla bajo.
Tu non provavi mai.,Tú nunca ensayabas.
Chiamavo sopra tutti. Questa tacca me la porto da allora.,Yo cantaba por encima de todos. Esta muesca la tengo desde entonces.
Qui ho l’annuncio accettato. Della tacca non c’è traccia.,Aquí tengo el anuncio aceptado. De la muesca no hay constancia.
Allora scrivi questo: oggi ho scelto di tacere.,Entonces escribe esto: hoy he elegido callar.
"Non ho un atto da copiare, Rugo.","No tengo ningún acto que copiar, Rugo."
I posti in vendita,Asientos en venta
Vessa è passata con il righello. Vuole vendere anche la terza fila.,Vessa pasó con su regla. Quiere vender también la tercera fila.
Mi ha dato le misure. Devo copiarle tutte.,Me ha dado las medidas. Tengo que copiarlas todas.
Tutte? Io so chi si sedeva in ciascuno di quei posti.,¿Todas? Yo sé quién se sentaba en cada uno de esos sitios.
Anche quello accanto a te?,¿También el que está a tu lado?
"Le ho fermato il righello. Fin qui, le ho detto. Non oltre.","Le paré la regla. Hasta aquí, le dije. Más allá no."
La mia copia finisce al tuo posto. Dopo ho lasciato bianco.,Mi copia termina en tu sitio. Después lo he dejado en blanco.
La riga che resta,La línea que queda
Le altre copie le ho raschiate. Come ogni sera. Passa l’ala: sono lisce.,He raspado las otras copias. Como cada noche. Pasa el ala: están lisas.
"COPIA RESPINTA
Riga già iscritta.","COPIA RECHAZADA
Línea ya inscrita."
"Questa invece è ancora qui. Tre lame, e non sono riuscito a toglierla.","Esta sigue aquí. Tres cuchillas, y no he conseguido quitarla."
Che cosa dice?,¿Qué dice?
Un nome. Il fascicolo è aperto. Non ho altro da trascrivere.,Un nombre. El expediente está abierto. No tengo nada más que transcribir.
Lascia stare la lama. Io il posto lo tengo ancora.,Deja la cuchilla. Yo sigo guardando el sitio.
Vessa: Il conto è aperto.,Vessa: La cuenta está abierta.
Nerio: La cifra l’ho copiata. Ora puoi riprenderlo.,Nerio: Ya he copiado la cifra. Puedes llevártelo.
Orvo: La prima fila ha le tasche piene.,Orvo: La primera fila tiene los bolsillos llenos.
Vessa: Di sabbia o di monete?,Vessa: ¿De arena o de monedas?
Dima: Hanno venduto la terza fila.,Dima: Han vendido la tercera fila.
Vessa: Il tuo posto no. Per ora.,Vessa: Tu asiento no. Por ahora.
Orvo: Guarda come ti studiano.,Orvo: Mira cómo te estudian.
Rugo: Li vedo. Non ho ancora aperto il becco.,Rugo: Los veo. Aún no he abierto el pico.
Vessa: Guarda le monete. Basta tenerli dalla tua parte.,Vessa: Mira las monedas. Basta con tenerlos de tu parte.
"Orvo: Se si rivoltano, il conto lo mandi tu.","Orvo: Si se revuelven, la cuenta la mandas tú."
Dima: Sento la sabbia nelle tasche.,Dima: Oigo la arena en los bolsillos.
Rugo: Aspetta. Non chiamarli ancora.,Rugo: Espera. No los llames todavía.
Vessa: Il conto.,Vessa: La cuenta.
Nerio: Copiato.,Nerio: Copiado.
Orvo: Tasche piene.,Orvo: Bolsillos llenos.
"Vessa: Monete, spero.","Vessa: Monedas, espero."
Dima: La terza fila.,Dima: La tercera fila.
Vessa: Venduta.,Vessa: Vendida.
Orvo: Ti guardano.,Orvo: Te miran.
Rugo: Lo so.,Rugo: Lo sé.
Vessa: Le monete.,Vessa: Las monedas.
Orvo: O il conto.,Orvo: O la cuenta.
Dima: La sabbia.,Dima: La arena.
Rugo: Non ancora.,Rugo: Todavía no.
Il posto tenuto,El asiento guardado
"Dima, la gradinata si sta riempiendo. Hai ancora la zampa lì.","Dima, la grada se está llenando. Sigues con la pata ahí."
Aspetto che si siedano. Dopo la tolgo. Tanto lì non si mette nessuno.,"Espero a que se sienten. Luego la quito. Ahí no se sienta nadie, de todos modos."
Chi ci sedeva?,¿Quién se sentaba ahí?
Uno che chiudeva ogni bando. Orvo non faceva in tempo a bandire il successivo.,Alguien que cerraba cada bando. Orvo no llegaba a pregonar el siguiente.
Manca la chiusura del fascicolo. Non l’ho mai ricevuta da copiare.,Falta el cierre del expediente. Nunca lo recibí para copiarlo.
Io l’ho visto alzarsi. Il posto era ancora caldo. La chiusura non c’è stata.,Yo lo vi levantarse. El sitio aún estaba caliente. No hubo cierre.
Il passo,El paso
"Quel passo, oggi. Si è fermato sulla stessa pietra.",Esos pasos de hoy. Se han detenido en la misma piedra.
Il nuovo?,¿El nuevo?
"Il nuovo. Stessa pausa prima della soglia, stesso piede avanti.","El nuevo. La misma pausa antes del umbral, el mismo pie adelante."
Le righe sono distinte. Su questo non c’è dubbio.,Las líneas son distintas. De eso no hay duda.
Non ti ho chiesto delle righe. La pausa l’ho sentita.,No te he preguntado por las líneas. He oído la pausa.
"Allora lascia la zampa dov’è, ancora per un po’.","Entonces deja la pata donde está, un poco más."
La stessa pendenza,La misma inclinación
Ho messo la tua copia accanto a quella riga. Hanno la stessa pendenza.,He puesto tu copia junto a esa línea. Tienen la misma inclinación.
"CONFRONTO IN CORSO
Corrispondenza parziale.","COMPARACIÓN EN CURSO
Coincidencia parcial."
Parziale. Le separi o no?,Parcial. ¿Las separas o no?
La pendenza coincide. Non basta per metterle nello stesso fascicolo.,La inclinación coincide. No basta para ponerlas en el mismo expediente.
Il posto è sempre lì. Non aspetta te. Lo tengo io.,El asiento sigue ahí. No te espera a ti. Lo guardo yo.
Tengo le copie qui. Non le ho ancora archiviate.,Guardo las copias aquí. Aún no las he archivado.
BANDO DI ORVO,BANDO DE ORVO
IL BANDO DI ORVO,EL BANDO DE ORVO
%d di %d Gloria entro l'arena %d.,%d de %d Gloria antes de la arena %d.
Bando chiuso: Denari +%d e un gradino.,Bando cerrado: Denarios +%d y un peldaño.
Scala completa: %d gradini.,Escala completa: %d peldaños.
Gradino %d di %d.,Peldaño %d de %d.
Gradino %d di %d,Peldaño %d de %d
In palio il racconto «%s».,En juego: el relato «%s».
In palio nuovi patti nel Registro.,En juego: nuevos pactos en el Registro.
Incassa %d Gloria entro l'arena %d.,Cobra %d de Gloria antes de la arena %d.
Al bando chiuso: Denari +%d e un gradino.,Al cerrar el bando: Denarios +%d y un peldaño.
Bando chiuso: gradino %d di %d.,Bando cerrado: peldaño %d de %d.
Bando mancato: %d Gloria entro l'arena %d.,Bando fallido: %d de Gloria antes de la arena %d.
Prossimo bando: %d Gloria entro l'arena %d.,Próximo bando: %d de Gloria antes de la arena %d.
Il bando è scaduto.,El bando ha vencido.
BANDO CHIUSO,BANDO CERRADO
Bando chiuso: Denari +%d.,Bando cerrado: Denarios +%d.
La gradinata ricorda il bando: Favore +2.,La grada recuerda el bando: Favor +2.
Catena %d: posta %s.,Cadena %d: apuesta %s.
Catena %s,Cadena %s
Bando scaduto: nessun gradino.,Bando vencido: ningún peldaño.
Bando mancato: nessun gradino.,Bando fallido: ningún peldaño.
%d GLORIA IN POSTA,%d GLORIA EN JUEGO
%d Gloria incassate,%d Gloria cobrada
FERITA APERTA,HERIDA ABIERTA
OSSA INCRINATE,HUESOS AGRIETADOS
MARCHIO DELLA VERGOGNA,MARCA DE LA VERGÜENZA
ARMATURA ARRUGGINITA,ARMADURA OXIDADA
MARCHIO DEL DEBITO,MARCA DE LA DEUDA
OCCHIO PERDUTO,OJO PERDIDO
Tenuta rituale ridotta.,Resistencia ritual reducida.
Rischio aumentato nelle arene.,Mayor riesgo en las arenas.
Il pubblico ti giudica.,El público te juzga.
Protezione compromessa.,Protección comprometida.
Pressione più severa.,Presión más severa.
Il perfetto è più raro.,El resultado perfecto es más raro.
Tenuta rituale ridotta e recupero meno efficace.,Resistencia ritual reducida y recuperación menos eficaz.
Avanzamento piu lento e margine di errore ridotto.,Avance más lento y menor margen de error.
Aumenta la probabilita di condanna.,Aumenta la probabilidad de condena.
Le conseguenze avverse sono piu probabili.,Las consecuencias adversas son más probables.
La pressione pesa di più.,La presión pesa más.
Peggiora le chance di esiti puliti.,Reduce las posibilidades de un resultado limpio.
FOLLA IN DELIRIO,GRADA EN DELIRIO
La folla ti marca: incasso bloccato.,La grada te marca: el cobro está bloqueado.
Il sangue ti segue anche quando l'arena tace.,La sangre te sigue incluso cuando la arena calla.
La folla ascolta il tuo respiro corto.,La grada escucha tu respiración entrecortada.
Il giudizio è già inciso sulla pelle.,El juicio ya está grabado en tu piel.
Cammini con onore ma ogni passo pesa.,"Caminas con honor, pero cada paso pesa."
Il debito del corpo resta sotto la sabbia.,La deuda del cuerpo queda bajo la arena.
Il destino ti guarda senza tregua.,El destino te observa sin tregua.
La vergogna ti precede davanti alla folla.,La vergüenza te precede ante la grada.
Ogni sguardo è un giudizio che brucia.,Cada mirada es un juicio que quema.
Porti il segno anche quando vinci.,Llevas la marca incluso cuando ganas.
"Hai offerto onore e sangue, ma l'armatura non regge.","Ofreciste honor y sangre, pero la armadura no resiste."
La ruggine canta il tuo debito.,El óxido canta tu deuda.
Il giudizio scivola sulle ferite.,El juicio se desliza sobre las heridas.
Il debito ti stringe come catena sacra.,La deuda te aprieta como una cadena sagrada.
La folla esige il prezzo della promessa.,La grada exige el precio de la promesa.
Il destino pesa su ogni patto.,El destino pesa sobre cada pacto.
Hai perso un occhio ma non la vergogna di guardare.,"Perdiste un ojo, pero no la vergüenza de mirar."
Il sangue vela il tuo destino.,La sangre vela tu destino.
La folla vede la tua mancanza.,La grada ve lo que te falta.
"GLORIA
IN POSTA","GLORIA
EN JUEGO"
