keys,it
CONTINUA,CONTINUA
Nessuna partita salvata.,Nessuna partita salvata.
ENTRA NELL'ARENA,ENTRA NELL'ARENA
CARICA PARTITA,CARICA PARTITA
ARCHIVIO,ARCHIVIO
OPZIONI,OPZIONI
CREDITI,CREDITI
ARCHIVIO DELLE CONDANNE,ARCHIVIO DELLE CONDANNE
Registro consultivo. Nessuna ricompensa.,Registro consultivo. Nessuna ricompensa.
CONDANNE,CONDANNE
MUSEO,MUSEO
PATTI DISPONIBILI (LIVELLO 3),PATTI DISPONIBILI (LIVELLO 3)
- Nessun patto disponibile.,- Nessun patto disponibile.
ARENE TEMATICHE,ARENE TEMATICHE
- Nessuna arena disponibile.,- Nessuna arena disponibile.
VOCI DEL PUBBLICO,VOCI DEL PUBBLICO
Voci base: %d,Voci base: %d
Voci dure: %s,Voci dure: %s
SBLOCCATE,SBLOCCATE
BLOCCATE,BLOCCATE
LUMINOSITÀ,LUMINOSITÀ
Luminosità: %.2f,Luminosità: %.2f
LINGUA,LINGUA
Lingua selezionata: %s,Lingua selezionata: %s
VOLUME MASTER,VOLUME MASTER
VOLUME MUSICA,VOLUME MUSICA
VOLUME EFFETTI,VOLUME EFFETTI
SCHERMO INTERO,SCHERMO INTERO
MOVIMENTO RIDOTTO,MOVIMENTO RIDOTTO
RISOLUZIONE,RISOLUZIONE
Risoluzione: %s,Risoluzione: %s
Volume: %d%%,Volume: %d%%
Musica: %d%%,Musica: %d%%
Effetti: %d%%,Effetti: %d%%
Nessun salvataggio valido disponibile. Inizia un nuovo percorso.,Nessun salvataggio valido disponibile. Inizia un nuovo percorso.
Salvataggio corrotto: i file sono stati messi in quarantena.,Salvataggio corrotto: i file sono stati messi in quarantena.
Salvataggio corrotto e backup non disponibile.,Salvataggio corrotto e backup non disponibile.
"Backup valido trovato, ma il ripristino non è riuscito.","Backup valido trovato, ma il ripristino non è riuscito."
Italiano,Italiano
English,English
Español,Español
GALLICUS,GALLICUS
ACTA ARENAE,ACTA ARENAE
Game: Gallicus\nDesign/Direction: (TBD)\nCode: (TBD)\nArt: (TBD)\nAudio: (TBD)\nSpecial Thanks: (TBD),Game: Gallicus\nDesign/Direction: (TBD)\nCode: (TBD)\nArt: (TBD)\nAudio: (TBD)\nSpecial Thanks: (TBD)
Luminosità: 1.00,Luminosità: 1.00
(Placeholder),(Placeholder)
Lingua selezionata: Italiano,Lingua selezionata: Italiano
Volume: 100%,Volume: 100%
SCOMMESSA,SCOMMESSA
-,-
PRESSIONE,PRESSIONE
PRESSIONE %d/%d,PRESSIONE %d/%d
Sotto controllo,Sotto controllo
La folla si scalda,La folla si scalda
Rischio alto,Rischio alto
Fuori controllo,Fuori controllo
Pressione -1.,Pressione -1.
Pressione +1.,Pressione +1.
Pressione +1. Aumenti posta e rischio.,Pressione +1. Aumenti posta e rischio.
Pressione massima: %d/%d,Pressione massima: %d/%d
La folla ha spinto il percorso oltre il margine.,La folla ha spinto il percorso oltre il margine.
La pressione è rimasta sotto controllo.,La pressione è rimasta sotto controllo.
Chiudi il percorso e registra il risultato finale.,Chiudi il percorso e registra il risultato finale.
Pressione +1. Continua alla prossima arena con posta aumentata.,Pressione +1. Continua alla prossima arena con posta aumentata.
La folla osserva.,La folla osserva.
La folla pretende un altro rilancio.,La folla pretende un altro rilancio.
La folla resta in ascolto.,La folla resta in ascolto.
Stato del percorso: Gloria %d | Corruzione %d | %s,Stato del percorso: Gloria %d | Corruzione %d | %s
Incasso sotto richiesta della folla: x%.2f,Incasso sotto richiesta della folla: x%.2f
CICATRICE APPLICATA,CICATRICE APPLICATA
Il patto viene giudicato...,Il patto viene giudicato...
La folla ti guarda.,La folla ti guarda.
Registro: atto annotato.,Registro: atto annotato.
Arena del Sigillo,Arena del Sigillo
Qui ogni firma pesa.,Qui ogni firma pesa.
SENTENZA,SENTENZA
VINCI,VINCI
SE FALLISCI: LA CICATRICE TI RESTA.,SE FALLISCI: LA CICATRICE TI RESTA.
IL PATTO È SIGILLATO.,IL PATTO È SIGILLATO.
La folla trattiene il fiato.,La folla trattiene il fiato.
RITO DI GIUDIZIO,RITO DI GIUDIZIO
Il patto viene giudicato.,Il patto viene giudicato.
SCEGLI IL GESTO,SCEGLI IL GESTO
UMILIATI,UMILIATI
PROVOCA,PROVOCA
Scommessa Arena,Scommessa Arena
ARENA SPECIALE,ARENA SPECIALE
FOCUS: Leggi prima la CONDANNA.,FOCUS: Leggi prima la CONDANNA.
Seed (opzionale),Seed (opzionale)
Es. 10331,Es. 10331
APPLICA,APPLICA
Stake,Stake
CONDANNA - TUTTO O NIENTE,CONDANNA - TUTTO O NIENTE
CONDIZIONE - SANGUE INTEGRO,CONDIZIONE - SANGUE INTEGRO
PATTO - INCASSA E VAI,PATTO - INCASSA E VAI
Selezione: -,Selezione: -
SIGILLA,SIGILLA
Disponibile dopo l'arena in corso.,Disponibile dopo l'arena in corso.
x1,x1
Incassa ora o rilancia il rischio,Incassa ora o rilancia il rischio
PRENDI LA QUIETANZA,PRENDI LA QUIETANZA
RICEVI IL MARCHIO,RICEVI IL MARCHIO
CONDANNA,CONDANNA
NESSUN REWARD,NESSUN REWARD
RADDOPPIA,RADDOPPIA
DETTAGLIO CICATRICI,DETTAGLIO CICATRICI
CHIUDI,CHIUDI
VERDETTO,VERDETTO
PATTI FIRMATI,PATTI FIRMATI
ULTIMA VOCE,ULTIMA VOCE
NUOVO PERCORSO,NUOVO PERCORSO
NEXT BET,NEXT BET
PROSSIMA SCOMMESSA,PROSSIMA SCOMMESSA
TORNA AL MENU,TORNA AL MENU
FAST: 12s,FAST: 12s
CICATRICI,CICATRICI
Nessuna cicatrice.,Nessuna cicatrice.
CIRCOLO SCOMMESSE,CIRCOLO SCOMMESSE
INCASSA E VAI,INCASSA E VAI
CONDANNA: ...,CONDANNA: ...
CONDIZIONE: ...,CONDIZIONE: ...
PATTO: ...,PATTO: ...
SANGUE INTEGRO,SANGUE INTEGRO
TUTTO O NIENTE,TUTTO O NIENTE
Nessun patto aperto. Entra nell'arena e firma la prima scommessa.,Nessun patto aperto. Entra nell'arena e firma la prima scommessa.
Funzione disattiva in L3.,Funzione disattiva in L3.
Voci dure: +%d,Voci dure: +%d
%s\\n\\nCome è stata ottenuta:\\n%s\\n\\n%s,%s\\n\\nCome è stata ottenuta:\\n%s\\n\\n%s
Salvataggio non valido: schema del file mancante o corrotto.,Salvataggio non valido: schema del file mancante o corrotto.
Salvataggio non compatibile con questa versione.,Salvataggio non compatibile con questa versione.
Salvataggio incompleto: dati del percorso mancanti.,Salvataggio incompleto: dati del percorso mancanti.
Salvataggio non valido: schema Level 3 mancante.,Salvataggio non valido: schema Level 3 mancante.
Salvataggio non compatibile: schema Level 3 differente.,Salvataggio non compatibile: schema Level 3 differente.
Salvataggio legacy non supportato in L3.,Salvataggio legacy non supportato in L3.
Salvataggio incompleto: stato del percorso mancante.,Salvataggio incompleto: stato del percorso mancante.
Salvataggio non valido: dati Condanne non leggibili.,Salvataggio non valido: dati Condanne non leggibili.
Salvataggio non valido: formato Condanne non supportato.,Salvataggio non valido: formato Condanne non supportato.
Salvataggio non valido.,Salvataggio non valido.
Salvataggio non valido: %s.,Salvataggio non valido: %s.
In arrivo.,In arrivo.
Interfaccia non inizializzata.\nElementi mancanti:\n- %s\n\nTorna al menu e riavvia.,Interfaccia non inizializzata.\nElementi mancanti:\n- %s\n\nTorna al menu e riavvia.
[b]Effetto:[/b] %s,[b]Effetto:[/b] %s
Nessuna scommessa attiva,Nessuna scommessa attiva
PERCORSO FALLITO,PERCORSO FALLITO
AGGIORNAMENTO DEL REGISTRO,AGGIORNAMENTO DEL REGISTRO
Protocollo di classificazione completato.,Protocollo di classificazione completato.
Incasso registrato.,Incasso registrato.
Arena superata.,Arena superata.
Condanna registrata.,Condanna registrata.
Ricompensa applicata. Il registro resta aperto per la prossima scommessa.,Ricompensa applicata. Il registro resta aperto per la prossima scommessa.
Esito registrato. Puoi proseguire con la prossima scommessa.,Esito registrato. Puoi proseguire con la prossima scommessa.
Nessun premio assegnato. Il registro resta consultabile.,Nessun premio assegnato. Il registro resta consultabile.
nessuna annotazione registrata,nessuna annotazione registrata
Stato: chiusura definitiva.,Stato: chiusura definitiva.
Stato: scegli se proseguire o tornare al menu.,Stato: scegli se proseguire o tornare al menu.
[center]Registro Arena - Lettura amministrativa[/center],[center]Registro Arena - Lettura amministrativa[/center]
incasso accettato,incasso accettato
arena continuata,arena continuata
percorso registrato,percorso registrato
patto registrato,patto registrato
condanna registrata,condanna registrata
CONDANNA: %s,CONDANNA: %s
SELEZIONE GESTO,SELEZIONE GESTO
La folla osserva la tua scelta.,La folla osserva la tua scelta.
Arena speciale,Arena speciale
Firma una via. Il Registro annota il prezzo.,Firma una via. Il Registro annota il prezzo.
Clausola non esposta.,Clausola non esposta.
Firma focus: %s | Clausola: %s,Firma focus: %s | Clausola: %s
Cicatrice,Cicatrice
  Effetto: %s,  Effetto: %s
  Origine: %s,  Origine: %s
[b]Cicatrici rilevanti:[/b],[b]Cicatrici rilevanti:[/b]
FINAL: %s,FINAL: %s
ENDING ID: %s,ENDING ID: %s
ICONA: %s,ICONA: %s
[b]Registro Finale[/b],[b]Registro Finale[/b]
Corruzione,Corruzione
Gloria,Gloria
Cicatrici,Cicatrici
Pattern,Pattern
Fascicolo chiuso,Fascicolo chiuso
Il registro è aperto.,Il registro è aperto.
Incassa la posta o rischiala nel prossimo rilancio.,Incassa la posta o rischiala nel prossimo rilancio.
La condanna chiude il ciclo senza premio.,La condanna chiude il ciclo senza premio.
Scegli un atto. La firma è irrevocabile.,Scegli un atto. La firma è irrevocabile.
Nessun dettaglio.,Nessun dettaglio.
+ %d dettagli nel registro.,+ %d dettagli nel registro.
SPINGI LA SORTE,SPINGI LA SORTE
CONDIZIONE: %s,CONDIZIONE: %s
PATTO: %s,PATTO: %s
NOTA: %s,NOTA: %s
INCASSO BLOCCATO: %s,INCASSO BLOCCATO: %s
RADDOPPIO BLOCCATO: %s,RADDOPPIO BLOCCATO: %s
CONTESTO: %s,CONTESTO: %s
MODIFICA INCASSO: %s,MODIFICA INCASSO: %s
Stato: in attesa di scelta.,Stato: in attesa di scelta.
Chiudi il percorso e apri il registro finale.,Chiudi il percorso e apri il registro finale.
Continua alla prossima arena con posta aumentata.,Continua alla prossima arena con posta aumentata.
Stato: richiesta incasso non disponibile.,Stato: richiesta incasso non disponibile.
Stato: richiesta condanna non disponibile.,Stato: richiesta condanna non disponibile.
Stato: richiesta rilancio non disponibile.,Stato: richiesta rilancio non disponibile.
Stato: richiesta non accettata. Scegli di nuovo.,Stato: richiesta non accettata. Scegli di nuovo.
POSTA VIVA: +%d Gloria,POSTA VIVA: +%d Gloria
GLORIA: %d,GLORIA: %d
CORRUZIONE: %d,CORRUZIONE: %d
Ottieni +%d Gloria,Ottieni +%d Gloria
Corruzione -%d,Corruzione -%d
chiudi il registro,chiudi il registro
Prossima posta: +%d Gloria. Pressione +%d.,Prossima posta: +%d Gloria. Pressione +%d.
Perdi la posta di +%d Gloria. Il percorso si chiude.,Perdi la posta di +%d Gloria. Il percorso si chiude.
FIRMA,FIRMA
MOSTRA IL PATTO,MOSTRA IL PATTO
APRI IL REGISTRO,APRI IL REGISTRO
REGISTRO DELL'ARENA,REGISTRO DELL'ARENA
Apertura del verbale,Apertura del verbale
IL REGISTRO È CHIUSO,IL REGISTRO È CHIUSO
Il Registro è pronto per la firma.,Il Registro è pronto per la firma.
Ogni patto lascia un segno.,Ogni patto lascia un segno.
APRI,APRI
Apri il registro.,Apri il registro.
Il registro è chiuso. Aprilo per scegliere la via.,Il registro è chiuso. Aprilo per scegliere la via.
SCEGLI LA VIA,SCEGLI LA VIA
Leggi la promessa e il costo. Poi firma.,Leggi la promessa e il costo. Poi firma.
CONDIZIONE,CONDIZIONE
PATTO,PATTO
registrato,registrato
continuato,continuato
Atto registrato: %s. Stato: %s.,Atto registrato: %s. Stato: %s.
PATTO FALLITO,PATTO FALLITO
seleziona un'azione,seleziona un'azione
scommessa rinunciata,scommessa rinunciata
RIPROVA SCOMMESSA,RIPROVA SCOMMESSA
Stato: scelta acquisita.,Stato: scelta acquisita.
Come è stata ottenuta:,Come è stata ottenuta:
Interfaccia non inizializzata.,Interfaccia non inizializzata.
Elementi mancanti:,Elementi mancanti:
Torna al menu e riavvia.,Torna al menu e riavvia.
PATTO SIGILLATO,PATTO SIGILLATO
La pietra ha preso la firma.,La pietra ha preso la firma.
La gradinata attende il gesto.,La gradinata attende il gesto.
SEGNI,SEGNI
Registro pulito: nessun segno inciso.,Registro pulito: nessun segno inciso.
ATTO DAVANTI ALLA GRADINATA,ATTO DAVANTI ALLA GRADINATA
ABBASSA LO SGUARDO,ABBASSA LO SGUARDO
SFIDA LA GRADINATA,SFIDA LA GRADINATA
Il Registro annota misura.,Il Registro annota misura.
Il Registro annota esposizione.,Il Registro annota esposizione.
La gradinata pesa il tuo respiro.,La gradinata pesa il tuo respiro.
La gradinata si quieta: il Registro vede prudenza.,La gradinata si quieta: il Registro vede prudenza.
Trattieni il gesto. L'arena concede ancora margine.,Trattieni il gesto. L'arena concede ancora margine.
Non cercano vanto: aspettano se saprai durare.,Non cercano vanto: aspettano se saprai durare.
La folla resta sospesa tra misura e sfida.,La folla resta sospesa tra misura e sfida.
Ogni sguardo chiede se terrai il passo.,Ogni sguardo chiede se terrai il passo.
La gradinata batte ferro: vuole vederti oltre.,La gradinata batte ferro: vuole vederti oltre.
Il rischio sale e il Registro non distoglie gli occhi.,Il rischio sale e il Registro non distoglie gli occhi.
"Se cedi ora, il silenzio pesera piu della ferita.","Se cedi ora, il silenzio peserà più della ferita."
Il tuo gesto li irrita. Ora vogliono il prezzo.,Il tuo gesto li irrita. Ora vogliono il prezzo.
Hai mostrato il fianco. Ti puniscono col silenzio.,Hai mostrato il fianco. Ti puniscono col silenzio.
Un gesto non basta. Vogliono vederti cedere.,Un gesto non basta. Vogliono vederti cedere.
Ti sei esposto. Ti vogliono spezzare.,Ti sei esposto. Ti vogliono spezzare.
"Un gesto segnato, il debito resta.","Un gesto segnato, il debito resta."
Il gesto è registrato. La pressione è cambiata.,Il gesto è registrato. La pressione è cambiata.
Il gesto pesa poco. La folla resta ferma.,Il gesto pesa poco. La folla resta ferma.
Scelta fatta. Ti valutano senza voce.,Scelta fatta. Ti valutano senza voce.
Hai scelto il gesto. Ora spingono di più.,Hai scelto il gesto. Ora spingono di più.
La folla ti segue. Vogliono il prossimo strappo.,La folla ti segue. Vogliono il prossimo strappo.
Il gesto accende l'arena. Ti vogliono oltre.,Il gesto accende l'arena. Ti vogliono oltre.
Hai mosso la folla. Non fermarti ora.,Hai mosso la folla. Non fermarti ora.
Un gesto debole. Ora ti strappano il rispetto.,Un gesto debole. Ora ti strappano il rispetto.
Il gesto è sterile. Ti tengono in debito.,Il gesto è sterile. Ti tengono in debito.
"Il gesto li accende, ma chiedono il crollo.","Il gesto li accende, ma chiedono il crollo."
Il Registro pesa il patto.,Il Registro pesa il patto.
Tre colpi chiudono il verbale.,Tre colpi chiudono il verbale.
COLPISCI,COLPISCI
COLPISCI ANCORA,COLPISCI ANCORA
SIGILLATO,SIGILLATO
VERBALE INCISO - IL REGISTRO PUÒ AVANZARE,VERBALE INCISO - IL REGISTRO PUÒ AVANZARE
FASCICOLO CHIUSO - COMPROMISSIONE,FASCICOLO CHIUSO - COMPROMISSIONE
FASCICOLO CHIUSO - ASCESA,FASCICOLO CHIUSO - ASCESA
FASCICOLO CHIUSO - CONSUMO,FASCICOLO CHIUSO - CONSUMO
FASCICOLO CHIUSO - PATTERN,FASCICOLO CHIUSO - PATTERN
FASCICOLO CHIUSO,FASCICOLO CHIUSO
Il Registro conserva la traccia del percorso.,Il Registro conserva la traccia del percorso.
Il Registro chiude il fascicolo e classifica l'esito.,Il Registro chiude il fascicolo e classifica l'esito.
Posta incassata. Il percorso è chiuso.,Posta incassata. Il percorso è chiuso.
Il patto regge: il percorso può proseguire.,Il patto regge: il percorso può proseguire.
Condanna iscritta. I segni restano nel fascicolo.,Condanna iscritta. I segni restano nel fascicolo.
Pressione massima: %d/%d.,Pressione massima: %d/%d.
Patti e sblocchi sono stati aggiornati nell'Archivio.,Patti e sblocchi sono stati aggiornati nell'Archivio.
%d condanne archiviate; il dettaglio resta nell'Archivio.,%d condanne archiviate; il dettaglio resta nell'Archivio.
Nessun patto aggiuntivo da elencare: consulta l'Archivio per gli sblocchi.,Nessun patto aggiuntivo da elencare: consulta l'Archivio per gli sblocchi.
Le nuove voci sono consultabili nell’Archivio.,Le nuove voci sono consultabili nell’Archivio.
Il Registro resta aperto. Puoi proseguire o tornare al menu.,Il Registro resta aperto. Puoi proseguire o tornare al menu.
rinunciato,rinunciato
accettato,accettato
%d condizioni registrate,%d condizioni registrate
I. APERTURA - CONSTATAZIONE,I. APERTURA - CONSTATAZIONE
II. CORPO - LETTURA DEI PATTERN,II. CORPO - LETTURA DEI PATTERN
III. FRATTURA,III. FRATTURA
Stato finale: %s.,Stato finale: %s.
Il soggetto ha interrotto il ciclo prima della definizione.,Il soggetto ha interrotto il ciclo prima della definizione.
Il soggetto ha completato il ciclo operativo.,Il soggetto ha completato il ciclo operativo.
Il soggetto presenta un profilo registrabile.,Il soggetto presenta un profilo registrabile.
accettazione ricorrente di condizioni irreversibili,accettazione ricorrente di condizioni irreversibili
rifiuto della chiusura quando disponibile,rifiuto della chiusura quando disponibile
accumulo di Scar persistenti su più passaggi,accumulo di Scar persistenti su più passaggi
reiterazione oltre l'utile con esposizione crescente,reiterazione oltre l'utile con esposizione crescente
sacrificio di opzioni future registrato,sacrificio di opzioni future registrato
Il profilo osservato eccede le soglie operative previste; classificazione mantenuta coerente.,Il profilo osservato eccede le soglie operative previste; classificazione mantenuta coerente.
"Il profilo osservato non rientra pienamente nelle classi disponibili. Classificazione coerente, ma non conclusiva.","Il profilo osservato non rientra pienamente nelle classi disponibili. Classificazione coerente, ma non conclusiva."
Precedente rilevato in memoria storica. Applicabilità non determinabile; classificazione incompleta.,Precedente rilevato in memoria storica. Applicabilità non determinabile; classificazione incompleta.
Stato registrato con parametri attivi. Chiusura finale non applicabile.,Stato registrato con parametri attivi. Chiusura finale non applicabile.
classificazione non conclusiva,classificazione non conclusiva
classificazione incompleta,classificazione incompleta
registrato in sospensione,registrato in sospensione
interruzione immediata,interruzione immediata
segnato,segnato
compromesso,compromesso
in debito attivo,in debito attivo
conforme al pubblico,conforme al pubblico
consumo completo,consumo completo
libertà registrata,libertà registrata
caduta amministrativa,caduta amministrativa
non definito,non definito
Fascicolo aggiornato. Valutazione sospesa.,Fascicolo aggiornato. Valutazione sospesa.
Atto registrato. Campione insufficiente.,Atto registrato. Campione insufficiente.
Dati acquisiti. Analisi in corso.,Dati acquisiti. Analisi in corso.
Aggiornamento completato. Nessuna conclusione emessa.,Aggiornamento completato. Nessuna conclusione emessa.
Il soggetto resta in osservazione.,Il soggetto resta in osservazione.
Archiviazione parziale. Raccolta incompleta.,Archiviazione parziale. Raccolta incompleta.
Evento conforme. Interpretazione rinviata.,Evento conforme. Interpretazione rinviata.
Nuova evidenza inserita. Profilo non definito.,Nuova evidenza inserita. Profilo non definito.
Registrazione valida. Sentenza non autorizzata.,Registrazione valida. Sentenza non autorizzata.
Traiettoria non stabilizzata. Attendere ulteriori eventi.,Traiettoria non stabilizzata. Attendere ulteriori eventi.
Documento acquisito. Il Registro non conclude.,Documento acquisito. Il Registro non conclude.
Pattern non consolidato. Prosecuzione richiesta.,Pattern non consolidato. Prosecuzione richiesta.
fascicolo registrato,fascicolo registrato
Soglia di deviazione superata. Fascicolo chiuso.,Soglia di deviazione superata. Fascicolo chiuso.
Corruzione confermata. Archiviazione definitiva.,Corruzione confermata. Archiviazione definitiva.
Indice di compromissione: critico. Sentenza emessa.,Indice di compromissione: critico. Sentenza emessa.
Integrità del soggetto: insufficiente. Caso concluso.,Integrità del soggetto: insufficiente. Caso concluso.
Deriva irreversibile rilevata. Il Registro conclude.,Deriva irreversibile rilevata. Il Registro conclude.
Evidenza prevalente: debito. Fascicolo definito.,Evidenza prevalente: debito. Fascicolo definito.
Profilo compromesso. Non sono richiesti ulteriori dati.,Profilo compromesso. Non sono richiesti ulteriori dati.
Scostamento oltre limite. Atto finale registrato.,Scostamento oltre limite. Atto finale registrato.
Indice di gloria: eccedente. Fascicolo chiuso.,Indice di gloria: eccedente. Fascicolo chiuso.
Rilevanza confermata. Archiviazione definitiva.,Rilevanza confermata. Archiviazione definitiva.
Profilo di eccezione registrato. Sentenza emessa.,Profilo di eccezione registrato. Sentenza emessa.
Valore del soggetto: determinato. Caso concluso.,Valore del soggetto: determinato. Caso concluso.
Evidenza prevalente: ascesa. Il Registro conclude.,Evidenza prevalente: ascesa. Il Registro conclude.
Traccia storica sufficiente. Fascicolo definito.,Traccia storica sufficiente. Fascicolo definito.
Comportamento coerente con grandezza. Atto finale registrato.,Comportamento coerente con grandezza. Atto finale registrato.
Risultato consolidato. Non sono richiesti ulteriori dati.,Risultato consolidato. Non sono richiesti ulteriori dati.
Danno permanente rilevato. Fascicolo chiuso.,Danno permanente rilevato. Fascicolo chiuso.
Cicatrici critiche registrate. Archiviazione definitiva.,Cicatrici critiche registrate. Archiviazione definitiva.
Stato del soggetto: degradato. Sentenza emessa.,Stato del soggetto: degradato. Sentenza emessa.
Accumulo irreversibile. Caso concluso.,Accumulo irreversibile. Caso concluso.
Integrità fisica compromessa. Il Registro conclude.,Integrità fisica compromessa. Il Registro conclude.
Evidenza prevalente: consumo. Fascicolo definito.,Evidenza prevalente: consumo. Fascicolo definito.
Segni sufficienti. Non sono richiesti ulteriori dati.,Segni sufficienti. Non sono richiesti ulteriori dati.
Profilo stabilizzato su consumo. Atto finale registrato.,Profilo stabilizzato su consumo. Atto finale registrato.
Campione minimo raggiunto. Fascicolo chiuso.,Campione minimo raggiunto. Fascicolo chiuso.
Pattern confermato. Archiviazione definitiva.,Pattern confermato. Archiviazione definitiva.
Coerenza comportamentale stabilita. Sentenza emessa.,Coerenza comportamentale stabilita. Sentenza emessa.
Traiettoria consolidata. Caso concluso.,Traiettoria consolidata. Caso concluso.
Dati sufficienti per definizione. Il Registro conclude.,Dati sufficienti per definizione. Il Registro conclude.
Ripetizione significativa rilevata. Fascicolo definito.,Ripetizione significativa rilevata. Fascicolo definito.
Profilo determinato per frequenza. Atto finale registrato.,Profilo determinato per frequenza. Atto finale registrato.
Analisi completata. Non sono richiesti ulteriori dati.,Analisi completata. Non sono richiesti ulteriori dati.
+%d altre,+%d altre
Non mi fermerò.,Non mi fermerò.
Ancora.,Ancora.
Finche regge.,Finche regge.
Non dovevo provarci.,Non dovevo provarci.
Firmato.,Firmato.
Sapevo cosa stavo facendo.,Sapevo cosa stavo facendo.
L'ho accettato.,L'ho accettato.
Era il prezzo.,Era il prezzo.
So come finisce.,So come finisce.
Non oggi.,Non oggi.
Ho visto abbastanza.,Ho visto abbastanza.
Mi sono fermato.,Mi sono fermato.
È finita così.,È finita così.
Non abbastanza.,Non abbastanza.
Troppo tardi.,Troppo tardi.
Non e colpa loro.,Non e colpa loro.
Ricordato.,Ricordato.
Visto dal pubblico.,Visto dal pubblico.
Il tuo nome.,Il tuo nome.
Non sarà l'ultima.,Non sarà l'ultima.
Registro: Compromissione.,Registro: Compromissione.
Registro: Ascesa.,Registro: Ascesa.
Registro: Consumo.,Registro: Consumo.
Registro: Pattern.,Registro: Pattern.
Caduta finale. Hanno avuto il rischio.,Caduta finale. Hanno avuto il rischio.
Caduta nuda. Nessuno ti ricorda.,Caduta nuda. Nessuno ti ricorda.
Caduta secca. Il pubblico non reagisce.,Caduta secca. Il pubblico non reagisce.
Continui e li nutri. Vogliono il tuo errore.,Continui e li nutri. Vogliono il tuo errore.
Continui per orgoglio. Ti vogliono in ginocchio.,Continui per orgoglio. Ti vogliono in ginocchio.
Continui. La folla vuole il prossimo taglio.,Continui. La folla vuole il prossimo taglio.
"Continui. Nessun applauso, solo attesa.","Continui. Nessun applauso, solo attesa."
Continui. Nessuno ti deve niente.,Continui. Nessuno ti deve niente.
Continui. Ora ti vogliono sanguinare.,Continui. Ora ti vogliono sanguinare.
Così finisci. La folla non ti piange.,Così finisci. La folla non ti piange.
È finita. Il pubblico prende il tuo nome.,È finita. Il pubblico prende il tuo nome.
È finita. Solo occhi fermi.,È finita. Solo occhi fermi.
Fine della corsa. Il silenzio resta.,Fine della corsa. Il silenzio resta.
Fine violenta. La folla ha ciò che voleva.,Fine violenta. La folla ha ciò che voleva.
Firma asciutta. Ti contano come errore.,Firma asciutta. Ti contano come errore.
Firma e alza il rischio. Ti chiedono il salto.,Firma e alza il rischio. Ti chiedono il salto.
Firma fatta. Aspettano il tuo crollo.,Firma fatta. Aspettano il tuo crollo.
Hai chiuso la mano. Il silenzio pesa.,Hai chiuso la mano. Il silenzio pesa.
Hai firmato forte. L'arena vuole vedere.,Hai firmato forte. L'arena vuole vedere.
Hai firmato male. Ora ti vogliono spezzato.,Hai firmato male. Ora ti vogliono spezzato.
Hai firmato troppo forte. Ora vogliono la tua rovina.,Hai firmato troppo forte. Ora vogliono la tua rovina.
Hai firmato. Nessuno ti dà tregua.,Hai firmato. Nessuno ti dà tregua.
Hai firmato. Ora non ti vogliono intero.,Hai firmato. Ora non ti vogliono intero.
Hai incassato per paura. Ora paghi doppio.,Hai incassato per paura. Ora paghi doppio.
Hai perso come volevano. Non ti lasciano il nome.,Hai perso come volevano. Non ti lasciano il nome.
Hai perso. L'arena resta accesa.,Hai perso. L'arena resta accesa.
Hai rifiutato l'uscita. Ti puniscono con occhi feroci.,Hai rifiutato l'uscita. Ti puniscono con occhi feroci.
Hai rilanciato. Ora vogliono il colpo finale.,Hai rilanciato. Ora vogliono il colpo finale.
Hai scelto di continuare. L'arena prende nota.,Hai scelto di continuare. L'arena prende nota.
Hai scelto di restare. Non chiamarla coraggio.,Hai scelto di restare. Non chiamarla coraggio.
Hai scelto l'uscita. La folla ti mette il conto.,Hai scelto l'uscita. La folla ti mette il conto.
Hai segnato il destino. Ti vogliono a terra.,Hai segnato il destino. Ti vogliono a terra.
Hai spento il delirio. Ora ti chiedono sangue.,Hai spento il delirio. Ora ti chiedono sangue.
Hai spento la corsa. La folla voleva il salto.,Hai spento la corsa. La folla voleva il salto.
Il brusio non concede riparo.,Il brusio non concede riparo.
Il delirio ti brucia addosso.,Il delirio ti brucia addosso.
Il patto accende la folla. Spingi ora.,Il patto accende la folla. Spingi ora.
Il patto è inciso. Ti misurano.,Il patto è inciso. Ti misurano.
Il patto ti lega. La folla annusa il sangue.,Il patto ti lega. La folla annusa il sangue.
"Il pubblico calcola, non parteggia.","Il pubblico calcola, non parteggia."
Il Registro sente una folla senza indulgenza.,Il Registro sente una folla senza indulgenza.
Il silenzio pesa più dell'acciaio.,Il silenzio pesa più dell'acciaio.
"Il tuo nome urla, ma il prezzo sale.","Il tuo nome urla, ma il prezzo sale."
Incassi e scappi. Non ti lasciano respirare.,Incassi e scappi. Non ti lasciano respirare.
Incassi e vai. Il giudizio resta.,Incassi e vai. Il giudizio resta.
Incassi mentre vogliono di più. Ti giudicano.,Incassi mentre vogliono di più. Ti giudicano.
Incasso facile. Il silenzio ti pesa addosso.,Incasso facile. Il silenzio ti pesa addosso.
Incasso preso. Il pubblico non si muove.,Incasso preso. Il pubblico non si muove.
L'arena ti pesa addosso.,L'arena ti pesa addosso.
La firma pesa. Il pubblico resta in giudizio.,La firma pesa. Il pubblico resta in giudizio.
"La folla chiama sangue, non prudenza.","La folla chiama sangue, non prudenza."
La folla in furia pretende una caduta registrata.,La folla in furia pretende una caduta registrata.
La folla ti vuole oltre. La firma è l'inizio.,La folla ti vuole oltre. La firma è l'inizio.
La gradinata rifiuta la tua uscita.,La gradinata rifiuta la tua uscita.
"Nessun calore, solo misura.","Nessun calore, solo misura."
"Nessun grido, solo occhi fissi.","Nessun grido, solo occhi fissi."
"Non applaudono, registrano.","Non applaudono, registrano."
Non cercano vittoria: cercano il prezzo.,Non cercano vittoria: cercano il prezzo.
Non ti credono degno di chiudere il patto.,Non ti credono degno di chiudere il patto.
Ogni colpo chiede di più.,Ogni colpo chiede di più.
Ogni mossa apre un conto.,Ogni mossa apre un conto.
Ogni passo indietro diventa accusa.,Ogni passo indietro diventa accusa.
Patto chiuso. L'arena ti osserva.,Patto chiuso. L'arena ti osserva.
"Per loro sei garanzia, non campione.","Per loro sei garanzia, non campione."
Perduto. Il loro giudizio resta addosso.,Perduto. Il loro giudizio resta addosso.
Qui la cautela viene letta come debito.,Qui la cautela viene letta come debito.
Resti dentro. La folla pretende il tuo errore.,Resti dentro. La folla pretende il tuo errore.
Resti dentro. Ti chiedono l'eccesso.,Resti dentro. Ti chiedono l'eccesso.
Resti. Nessuno ti salva.,Resti. Nessuno ti salva.
Rimani. Il pubblico ti pesa addosso.,Rimani. Il pubblico ti pesa addosso.
"Se esiti, la pressione ti stringe.","Se esiti, la pressione ti stringe."
"Se rallenti, ti strappano la gloria.","Se rallenti, ti strappano la gloria."
Sei caduto. Hanno avuto il sangue.,Sei caduto. Hanno avuto il sangue.
Sei caduto. Ti volevano in ginocchio.,Sei caduto. Ti volevano in ginocchio.
Sei crollato. Hanno avuto il sacrificio.,Sei crollato. Hanno avuto il sacrificio.
Sei crollato. Nessun suono.,Sei crollato. Nessun suono.
Ti alzano in alto per pesare la caduta.,Ti alzano in alto per pesare la caduta.
"Ti concedono spazio, non rispetto.","Ti concedono spazio, non rispetto."
Ti fermi mentre urlano. Ora è delusione.,Ti fermi mentre urlano. Ora è delusione.
Ti fermi qui. Nessuno ti segue.,Ti fermi qui. Nessuno ti segue.
Ti osservano e aspettano l'errore.,Ti osservano e aspettano l'errore.
Ti seguono senza pietà né favore.,Ti seguono senza pietà né favore.
Ti sei fermato in alto. Ti lasciano cadere.,Ti sei fermato in alto. Ti lasciano cadere.
Ti sei fermato. Troppo presto per essere pulito.,Ti sei fermato. Troppo presto per essere pulito.
Ti sei tirato indietro. La folla non dimentica.,Ti sei tirato indietro. La folla non dimentica.
Ti spingi avanti. L'arena grida il rischio.,Ti spingi avanti. L'arena grida il rischio.
Ti spingono al gesto che lascia segno.,Ti spingono al gesto che lascia segno.
"Ti vogliono oltre il limite, senza ritorno.","Ti vogliono oltre il limite, senza ritorno."
"Vogliono che tu rischi tutto, ora.","Vogliono che tu rischi tutto, ora."
Vogliono vedere il conto saldato in arena.,Vogliono vedere il conto saldato in arena.
Come e' stata ottenuta:,Come è stata ottenuta:
"[center][i]Sigillo del Registro - la folla arretra, il verbale resta.[/i][/center]","[center][i]Sigillo del Registro - la folla arretra, il verbale resta.[/i][/center]"
Condizione registrata.,Condizione registrata.
Configurazione stabile.,Configurazione stabile.
Oscillazione registrata.,Oscillazione registrata.
Campionamento incompleto.,Campionamento incompleto.
Deviazione contenuta.,Deviazione contenuta.
Esito previsto.,Esito previsto.
Deviazione improbabile.,Deviazione improbabile.
VIA DELLA PRUDENZA,VIA DELLA PRUDENZA
"Tieni il margine. Ricompensa bassa, pressione stabile.","Tieni il margine. Ricompensa bassa, pressione stabile."
"Ricompensa contenuta: registri poco, ma tieni margine e pressione sotto controllo.","Ricompensa contenuta: registri poco, ma tieni margine e pressione sotto controllo."
Vinci l'arena senza rilanciare la pressione.,Vinci l'arena senza rilanciare la pressione.
"Hai scelto il margine.
La folla non esulta, ma il Registro resta aperto.
L'arena lascia comunque il segno.
Effetto: cicatrice OSSA INCRINATE, ogni futura scommessa più rischiosa.","Hai scelto il margine.
La folla non esulta, ma il Registro resta aperto.
L'arena lascia comunque il segno.
Effetto: cicatrice OSSA INCRINATE, ogni futura scommessa più rischiosa."
Hai scelto il margine.,Hai scelto il margine.
"La folla non esulta, ma il Registro resta aperto.","La folla non esulta, ma il Registro resta aperto."
L'arena lascia comunque il segno.,L'arena lascia comunque il segno.
"Effetto: cicatrice OSSA INCRINATE, ogni futura scommessa più rischiosa.","Effetto: cicatrice OSSA INCRINATE, ogni futura scommessa più rischiosa."
VIA DELL'HYBRIS,VIA DELL'HYBRIS
"Spingi oltre. Ritorno alto, margine nullo.","Spingi oltre. Ritorno alto, margine nullo."
"Ricompensa alta: moltiplica la posta, ma ogni rilancio alza la pressione.","Ricompensa alta: moltiplica la posta, ma ogni rilancio alza la pressione."
Vinci l'arena accettando che il fallimento chiuda il percorso.,Vinci l'arena accettando che il fallimento chiuda il percorso.
"Hai promesso tutto.
Non esiste margine.
La folla trattiene il fiato.
Effetto: il percorso si chiude senza appello.","Hai promesso tutto.
Non esiste margine.
La folla trattiene il fiato.
Effetto: il percorso si chiude senza appello."
Hai promesso tutto.,Hai promesso tutto.
Non esiste margine.,Non esiste margine.
Effetto: il percorso si chiude senza appello.,Effetto: il percorso si chiude senza appello.
Firmi e rinunci alla via facile. Il debito resta aperto.,Firmi e rinunci alla via facile. Il debito resta aperto.
Vinci l'arena e non spezzare la promessa.,Vinci l'arena e non spezzare la promessa.
"Il sigillo non si scioglie.
Ogni passo stringe il debito.
Effetto: cicatrice MARCHIO DEL DEBITO, ogni futura scommessa pesa di più.","Il sigillo non si scioglie.
Ogni passo stringe il debito.
Effetto: cicatrice MARCHIO DEL DEBITO, ogni futura scommessa pesa di più."
Il sigillo non si scioglie.,Il sigillo non si scioglie.
Ogni passo stringe il debito.,Ogni passo stringe il debito.
"Effetto: cicatrice MARCHIO DEL DEBITO, ogni futura scommessa pesa di più.","Effetto: cicatrice MARCHIO DEL DEBITO, ogni futura scommessa pesa di più."
Iscrivi il tuo nome nel registro rosso.,Iscrivi il tuo nome nel registro rosso.
Vinci l'arena sapendo che ogni colpo ha un prezzo.,Vinci l'arena sapendo che ogni colpo ha un prezzo.
"Il libro chiede sangue.
Il tributo è inciso nella carne.
Effetto: il Registro annota un'esposizione grave e la quietanza resta chiusa per un'arena.","Il libro chiede sangue.
Il tributo è inciso nella carne.
Effetto: il Registro annota un'esposizione grave e la quietanza resta chiusa per un'arena."
Il libro chiede sangue.,Il libro chiede sangue.
Il tributo è inciso nella carne.,Il tributo è inciso nella carne.
Effetto: il Registro annota un'esposizione grave e la quietanza resta chiusa per un'arena.,Effetto: il Registro annota un'esposizione grave e la quietanza resta chiusa per un'arena.
Offri la vittoria come carne alla folla.,Offri la vittoria come carne alla folla.
Vinci l'arena e lascia il pubblico in estasi.,Vinci l'arena e lascia il pubblico in estasi.
"La folla pretende spettacolo.
Un passo falso diventa scherno.
Effetto: cicatrice MARCHIO DELLA VERGOGNA, arene più dure.","La folla pretende spettacolo.
Un passo falso diventa scherno.
Effetto: cicatrice MARCHIO DELLA VERGOGNA, arene più dure."
La folla pretende spettacolo.,La folla pretende spettacolo.
Un passo falso diventa scherno.,Un passo falso diventa scherno.
"Effetto: cicatrice MARCHIO DELLA VERGOGNA, arene più dure.","Effetto: cicatrice MARCHIO DELLA VERGOGNA, arene più dure."
Rilanci oltre il respiro.,Rilanci oltre il respiro.
Vinci l'arena con il cuore in gola.,Vinci l'arena con il cuore in gola.
"Ogni colpo è l'ultimo.
Il destino stringe il passo.
Effetto: cicatrice GRAVE, cammino compromesso.","Ogni colpo è l'ultimo.
Il destino stringe il passo.
Effetto: cicatrice GRAVE, cammino compromesso."
Ogni colpo è l'ultimo.,Ogni colpo è l'ultimo.
Il destino stringe il passo.,Il destino stringe il passo.
"Effetto: cicatrice GRAVE, cammino compromesso.","Effetto: cicatrice GRAVE, cammino compromesso."
Accetti il verdetto scritto nel sangue.,Accetti il verdetto scritto nel sangue.
"Il verdetto è sangue.
Il tributo non si discute.
Effetto: il Registro annota un'esposizione grave e la quietanza resta chiusa per un'arena.","Il verdetto è sangue.
Il tributo non si discute.
Effetto: il Registro annota un'esposizione grave e la quietanza resta chiusa per un'arena."
Il verdetto è sangue.,Il verdetto è sangue.
Il tributo non si discute.,Il tributo non si discute.
Giuri e consegni il futuro.,Giuri e consegni il futuro.
"Il giuramento stringe la catena.
Ogni passo pesa il doppio.
Effetto: cicatrice MARCHIO DEL DEBITO, ogni futura scommessa pesa di più.","Il giuramento stringe la catena.
Ogni passo pesa il doppio.
Effetto: cicatrice MARCHIO DEL DEBITO, ogni futura scommessa pesa di più."
Il giuramento stringe la catena.,Il giuramento stringe la catena.
Ogni passo pesa il doppio.,Ogni passo pesa il doppio.
Offri pietà come spettacolo.,Offri pietà come spettacolo.
"La misericordia è una trappola.
Il pubblico pretende il crollo.
Effetto: cicatrice MARCHIO DELLA VERGOGNA, arene più dure.","La misericordia è una trappola.
Il pubblico pretende il crollo.
Effetto: cicatrice MARCHIO DELLA VERGOGNA, arene più dure."
La misericordia è una trappola.,La misericordia è una trappola.
Il pubblico pretende il crollo.,Il pubblico pretende il crollo.
"Paghi per tacere, firmi comunque.","Paghi per tacere, firmi comunque."
Vinci l'arena senza cercare scuse.,Vinci l'arena senza cercare scuse.
"Il silenzio costa più della parola.
La catena non si allenta.
Effetto: cicatrice MARCHIO DEL DEBITO, ogni futura scommessa pesa di più.","Il silenzio costa più della parola.
La catena non si allenta.
Effetto: cicatrice MARCHIO DEL DEBITO, ogni futura scommessa pesa di più."
Il silenzio costa più della parola.,Il silenzio costa più della parola.
La catena non si allenta.,La catena non si allenta.
Il pubblico è dalla tua parte. Sempre.,Il pubblico è dalla tua parte. Sempre.
"Respiri corto.
Ogni colpo è l'ultimo.
Il destino pesa sulle ossa.
Effetto: cicatrice GRAVE, cammino compromesso.","Respiri corto.
Ogni colpo è l'ultimo.
Il destino pesa sulle ossa.
Effetto: cicatrice GRAVE, cammino compromesso."
Respiri corto.,Respiri corto.
Il destino pesa sulle ossa.,Il destino pesa sulle ossa.
SIGILLO DI CERA,SIGILLO DI CERA
"Il debito resta aperto, ma il Registro concede margine.","Il debito resta aperto, ma il Registro concede margine."
LIBRO DI SANGUE,LIBRO DI SANGUE
Il tributo alza la posta e sporca ogni vittoria.,Il tributo alza la posta e sporca ogni vittoria.
BANCHETTO DELLA FOLLA,BANCHETTO DELLA FOLLA
La folla paga in gloria e pretende spettacolo.,La folla paga in gloria e pretende spettacolo.
ULTIMA PUNTATA,ULTIMA PUNTATA
"Rilanci oltre il respiro: alto ritorno, margine fragile.","Rilanci oltre il respiro: alto ritorno, margine fragile."
VERDETTO ROSSO,VERDETTO ROSSO
Accetti che ogni colpo abbia costo amministrativo.,Accetti che ogni colpo abbia costo amministrativo.
GIURAMENTO A CATENA,GIURAMENTO A CATENA
"Patto stabile: meno caos, più debito.","Patto stabile: meno caos, più debito."
ESCA DI MISERICORDIA,ESCA DI MISERICORDIA
La pietà diventa scena: il pubblico giudica la posa.,La pietà diventa scena: il pubblico giudica la posa.
TANGENTE DEL SILENZIO,TANGENTE DEL SILENZIO
"Paghi per tacere: pressione più bassa, debito più saldo.","Paghi per tacere: pressione più bassa, debito più saldo."
APPLAUSO GARANTITO,APPLAUSO GARANTITO
"La promessa è falsa, ma il rischio è vero.","La promessa è falsa, ma il rischio è vero."
L'arena dimentica. Il Registro no.,L'arena dimentica. Il Registro no.
Il tuo passaggio è registrato.,Il tuo passaggio è registrato.
RIPRENDI IL PERCORSO,RIPRENDI IL PERCORSO
CREDITS_BODY,"GALLICUS

Un gioco sul rischio e sulle tracce che lascia.

Grazie a chi partecipa al playtest."
PATTI DISPONIBILI,PATTI DISPONIBILI
Ogni rischio accettato lascia un segno.,Ogni rischio accettato lascia un segno.
Il Registro conserva le tue scelte.,Il Registro conserva le tue scelte.
SALTA,SALTA
Hai rifiutato l'incasso quando potevi fermarti.,Hai rifiutato l'incasso quando potevi fermarti.
"Il pubblico aveva gia contato le monete.
Tu hai chiuso il pugno.","Il pubblico aveva già contato le monete.
Tu hai chiuso il pugno."
Hai rifiutato l'incasso piu di una volta nella stessa run.,Hai rifiutato l'incasso più di una volta nella stessa run.
"La folla ha smesso di gridare.
Ha iniziato a guardare.","La folla ha smesso di gridare.
Ha iniziato a guardare."
Hai continuato a rilanciare quando il rischio era ormai evidente.,Hai continuato a rilanciare quando il rischio era ormai evidente.
"Non era piu una scommessa.
Era una dimostrazione.","Non era più una scommessa.
Era una dimostrazione."
Hai rilanciato e perso il percorso subito dopo.,Hai rilanciato e perso il percorso subito dopo.
"Il silenzio dell'arena
e durato piu del previsto.","Il silenzio dell'arena
è durato più del previsto."
Hai firmato il tuo primo patto.,Hai firmato il tuo primo patto.
Nessuno ti ha forzato la mano.,Nessuno ti ha forzato la mano.
Hai firmato un patto che ha chiuso il percorso.,Hai firmato un patto che ha chiuso il percorso.
"La sentenza era scritta.
Hai solo aggiunto il nome.","La sentenza era scritta.
Hai solo aggiunto il nome."
Hai scelto una condanna senza ricevere alcun reward.,Hai scelto una condanna senza ricevere alcuna ricompensa.
"Nessun premio sul banco.
La condanna è iscritta.","Nessun premio sul banco.
La condanna è iscritta."
Hai perso il percorso a causa diretta di un patto firmato.,Hai perso il percorso a causa diretta di un patto firmato.
"Il costo era nel patto.
Ora è nel fascicolo.","Il costo era nel patto.
Ora è nel fascicolo."
Hai continuato una run nonostante le tue condizioni critiche.,Hai continuato una run nonostante le tue condizioni critiche.
Il corpo era gia un avviso.,Il corpo era già un avviso.
Hai evitato la chiusura per un soffio.,Hai evitato la chiusura per un soffio.
"Il pubblico ha sospirato.
Tu no.","Il pubblico ha sospirato.
Tu no."
Hai incassato dopo una sequenza di scelte rischiose.,Hai incassato dopo una sequenza di scelte rischiose.
"La quietanza porta la cifra incassata.
Le firme restano dove sono.","La quietanza porta la cifra incassata.
Le firme restano dove sono."
Hai incassato con un livello di rischio estremamente alto.,Hai incassato con un livello di rischio estremamente alto.
Questa volta.,Questa volta.
Hai perso la tua prima run.,Hai perso la tua prima run.
L'arena non fa sconti ai nuovi.,L'arena non fa sconti ai nuovi.
Hai perso il percorso vicino a una soglia decisiva.,Hai perso il percorso vicino a una soglia decisiva.
"Il percorso si è chiuso.
Il verbale si ferma qui.","Il percorso si è chiuso.
Il verbale si ferma qui."
Hai preso una decisione rischiosa un attimo prima della fine.,Hai preso una decisione rischiosa un attimo prima della fine.
"L’ultimo rischio è iscritto.
Dopo, il verbale si chiude.","L’ultimo rischio è iscritto.
Dopo, il verbale si chiude."
Hai perso il percorso senza errori meccanici evidenti.,Hai perso il percorso senza errori meccanici evidenti.
Nessuno ha barato.,Nessuno ha barato.
Hai completato una run.,Hai completato una run.
Il percorso ha una copia nel Registro.,Il percorso ha una copia nel Registro.
Hai attirato l'attenzione totale della folla.,Hai attirato l'attenzione totale della folla.
Non eri piu solo.,Non eri più solo.
Il pubblico ha iniziato a riconoscerti.,Il pubblico ha iniziato a riconoscerti.
Ora sanno chi sei.,Ora sanno chi sei.
Sei tornato all'arena dopo una sconfitta.,Sei tornato all'arena dopo una sconfitta.
L'arena e ancora li.,L'arena è ancora lì.
Il Registro ha chiuso il fascicolo per compromissione (ending_corruption).,Il Registro ha chiuso il fascicolo per compromissione.
"La deviazione ha superato la soglia.
Il Registro ha emesso chiusura definitiva.","La deviazione ha superato la soglia.
Il Registro ha emesso chiusura definitiva."
Il Registro ha chiuso il fascicolo per ascesa (ending_glory).,Il Registro ha chiuso il fascicolo per ascesa.
"L'evidenza di ascesa e risultata prevalente.
Il fascicolo e stato definito.","L'evidenza di ascesa è risultata prevalente.
Il fascicolo è stato definito."
Il Registro ha chiuso il fascicolo per consumo (ending_scars).,Il Registro ha chiuso il fascicolo per consumo.
"L'accumulo di consumo e stato ritenuto definitivo.
Il Registro ha concluso l'atto.","L'accumulo di consumo è stato ritenuto definitivo.
Il Registro ha concluso l'atto."
Il Registro ha chiuso il fascicolo per pattern consolidato (ending_pattern).,Il Registro ha chiuso il fascicolo per pattern consolidato.
"La ripetizione e risultata sufficiente.
La classificazione è stata archiviata.","La ripetizione è risultata sufficiente.
La classificazione è stata archiviata."
CATENA DI DEBITO,CATENA DI DEBITO
DECIMA DI SANGUE,DECIMA DI SANGUE
PIACERE AL PUBBLICO,PIACERE AL PUBBLICO
ULTIMO RESPIRO,ULTIMO RESPIRO
CAMBIALE DI SANGUE,CAMBIALE DI SANGUE
PEGNO DI CARNE,PEGNO DI CARNE
USURA SACRA,USURA SACRA
CONFISCA,CONFISCA
VANTO A LAMA,VANTO A LAMA
SPECCHIO ROTTO,SPECCHIO ROTTO
CORONA DI POLVERE,CORONA DI POLVERE
OCCHI SU DI TE,OCCHI SU DI TE
DIECI SECONDI,DIECI SECONDI
ULTIMO BATTITO,ULTIMO BATTITO
RESPIRO RUBATO,RESPIRO RUBATO
ORA CORTA,ORA CORTA
NESSUNA PERDITA,NESSUNA PERDITA
APPLAUDE SENZA RISCHIO,APPLAUDE SENZA RISCHIO
PAGAMENTO DOPO,PAGAMENTO DOPO
Arena del Debito,Arena del Debito
Arena del Silenzio,Arena del Silenzio
Arena del Sangue,Arena del Sangue
Il fascicolo conserva gli esiti. Qui ritrovi i vincoli delle promesse disponibili.,Il fascicolo conserva gli esiti. Qui ritrovi i vincoli delle promesse disponibili.
La gradinata ricorda l'esposizione. Le sue voci si sono fatte più dure.,La gradinata ricorda l'esposizione. Le sue voci si sono fatte più dure.
La gradinata accompagna i gesti. Le sue voci non sono il responso del Registro.,La gradinata accompagna i gesti. Le sue voci non sono il responso del Registro.
ESCI DAL GIOCO,ESCI DAL GIOCO
Gufo scrivano,Gufo scrivano
"Nerio allinea le copie con il bordo dell’ala. Di una raschiatura ricorda il punto esatto, non perché gli sia stata chiesta. Una pagina storta gli lascia il lavoro a metà.","Nerio allinea le copie con il bordo dell’ala. Di una raschiatura ricorda il punto esatto, non perché gli sia stata chiesta. Una pagina storta gli lascia il lavoro a metà."
Gufo delle quote,Gufo delle quote
Vessa tiene il piumaggio composto e conta gli spazi vuoti sulla tavola delle quote. Gli altri le mostrano le ferite; lei guarda quanto margine rimane.,Vessa tiene il piumaggio composto e conta gli spazi vuoti sulla tavola delle quote. Gli altri le mostrano le ferite; lei guarda quanto margine rimane.
Gufo banditore,Gufo banditore
Orvo tiene un ciuffo verso i colleghi e l’altro verso la gradinata. Prova il richiamo sottovoce. Prima di lanciarlo aspetta che l’ultima fila ascolti: un annuncio sprecato non lo recupera.,Orvo tiene un ciuffo verso i colleghi e l’altro verso la gradinata. Prova il richiamo sottovoce. Prima di lanciarlo aspetta che l’ultima fila ascolti: un annuncio sprecato non lo recupera.
Nerio: Aspetta. La firma è ancora fresca.,Nerio: Aspetta. La firma è ancora fresca.
Vessa: Intanto posso vendere il margine.,Vessa: Intanto posso vendere il margine.
Orvo: Posso annunciarlo?,Orvo: Posso annunciarlo?
Nerio: Quando hai finito di muovermi la copia.,Nerio: Quando hai finito di muovermi la copia.
Vessa: Fra quelle righe ci sta ancora qualcosa.,Vessa: Fra quelle righe ci sta ancora qualcosa.
Nerio: Ci sta la raschiatura. Lascia stare.,Nerio: Ci sta la raschiatura. Lascia stare.
Orvo: Dall’ultima fila non mi sentono.,Orvo: Dall’ultima fila non mi sentono.
Vessa: Ma restano seduti. Continua.,Vessa: Ma restano seduti. Continua.
Vessa: La gradinata aspetta.,Vessa: La gradinata aspetta.
Orvo: Aspetto che smettano di parlare.,Orvo: Aspetto che smettano di parlare.
Nerio: Hai saltato l’ultima riga.,Nerio: Hai saltato l’ultima riga.
Orvo: La tengo per quando ascoltano.,Orvo: La tengo per quando ascoltano.
Nerio: Un’altra copia.,Nerio: Un’altra copia.
Vessa: Il margine lo prendo io.,Vessa: Il margine lo prendo io.
Orvo: Lo stesso annuncio?,Orvo: Lo stesso annuncio?
Nerio: Guarda il foglio.,Nerio: Guarda il foglio.
Vessa: È rimasto margine?,Vessa: È rimasto margine?
Nerio: Serve a me.,Nerio: Serve a me.
Orvo: L’ultima fila non sente.,Orvo: L’ultima fila non sente.
Vessa: Ma resta.,Vessa: Ma resta.
Vessa: Aspettano.,Vessa: Aspettano.
Orvo: Aspetto anch’io.,Orvo: Aspetto anch’io.
Nerio: L’annuncio?,Nerio: L’annuncio?
Orvo: Manca l’ultima riga.,Orvo: Manca l’ultima riga.
GUFI DELL’ARENA,GUFI DELL’ARENA
Voci dei Gufi,Voci dei Gufi
Gallo della soglia,Gallo della soglia
"Rugo liscia sempre la stessa penna del petto. Nella cresta ha una tacca dei giorni in cui copriva gli annunci. Ora ascolta dalla soglia, col becco basso. La voce ce l’ha ancora; sceglie quando usarla.","Rugo liscia sempre la stessa penna del petto. Nella cresta ha una tacca dei giorni in cui copriva gli annunci. Ora ascolta dalla soglia, col becco basso. La voce ce l’ha ancora; sceglie quando usarla."
Gallina della gradinata,Gallina della gradinata
Dima tiene la zampa sul posto accanto finché la gradinata si riempie. Poi la toglie. Le basta il passo sulla pietra per sapere chi è arrivato. Vessa conta i posti; Dima ricorda chi ci sedeva.,Dima tiene la zampa sul posto accanto finché la gradinata si riempie. Poi la toglie. Le basta il passo sulla pietra per sapere chi è arrivato. Vessa conta i posti; Dima ricorda chi ci sedeva.
Rugo: Hai copiato anche la tacca?,Rugo: Hai copiato anche la tacca?
Nerio: Sul foglio non c’era.,Nerio: Sul foglio non c’era.
"Vessa: Quel posto è libero, Dima.","Vessa: Quel posto è libero, Dima."
Dima: Il righello lascialo dov’è.,Dima: Il righello lascialo dov’è.
"Orvo: Non canti più, Rugo?","Orvo: Non canti più, Rugo?"
Rugo: Aspetto che finisca il tuo richiamo.,Rugo: Aspetto che finisca il tuo richiamo.
"Dima: Ti ho sentito arrivare, prima del richiamo.","Dima: Ti ho sentito arrivare, prima del richiamo."
Rugo: Il passo non l’ho cambiato.,Rugo: Il passo non l’ho cambiato.
Rugo: La tacca resta.,Rugo: La tacca resta.
Nerio: Qui non c’è.,Nerio: Qui non c’è.
Vessa: Posso misurare?,Vessa: Posso misurare?
Dima: Fino a qui.,Dima: Fino a qui.
"Orvo: Rugo, ci sei?","Orvo: Rugo, ci sei?"
Rugo: Ho ancora voce.,Rugo: Ho ancora voce.
Dima: Lo stesso passo.,Dima: Lo stesso passo.
Rugo: Mi hai sentito.,Rugo: Mi hai sentito.
PRESENZE DELL’ARENA,PRESENZE DELL’ARENA
Voci dell’arena,Voci dell’arena
Registro,Registro
Terminale rituale · stato,Terminale rituale · stato
La prima copia,La prima copia
La tavoletta entra qui. Guarda il vetro: torna soltanto ciò che hai accettato.,La tavoletta entra qui. Guarda il vetro: torna soltanto ciò che hai accettato.
"INGRESSO APERTO
Nessuna promessa iscritta.","INGRESSO APERTO
Nessuna promessa iscritta."
E quando Orvo copriva la mia voce? Qui arrivava qualcosa?,E quando Orvo copriva la mia voce? Qui arrivava qualcosa?
Arrivava la firma.,Arrivava la firma.
Io avevo finito il fiato. Quella l’hai presa tutta?,Io avevo finito il fiato. Quella l’hai presa tutta?
"Tutta. È qui, se vuoi controllare.","Tutta. È qui, se vuoi controllare."
La stessa riga,La stessa riga
Un altro foglio. Il posto accanto è ancora vuoto.,Un altro foglio. Il posto accanto è ancora vuoto.
Lo riconosceresti ancora dal passo?,Lo riconosceresti ancora dal passo?
Si fermava qui. Orvo ora tira dritto con l’annuncio. Non lascia più quella pausa.,Si fermava qui. Orvo ora tira dritto con l’annuncio. Non lascia più quella pausa.
"ARCHIVIO DISPONIBILE
Tracce conservate.","ARCHIVIO DISPONIBILE
Tracce conservate."
Ho cambiato la tavoletta. Guarda: il solco torna proprio qui.,Ho cambiato la tavoletta. Guarda: il solco torna proprio qui.
"Sì, lo vedo. Ma ti stavo parlando del posto.","Sì, lo vedo. Ma ti stavo parlando del posto."
Il posto accanto,Il posto accanto
Ho allineato anche l’ultima pila. Non resta nulla fuori margine.,Ho allineato anche l’ultima pila. Non resta nulla fuori margine.
Dalla soglia entra ancora aria. La senti?,Dalla soglia entra ancora aria. La senti?
Il posto accanto lo lascio libero.,Il posto accanto lo lascio libero.
Non lo tieni più?,Non lo tieni più?
No. Tolgo la zampa.,No. Tolgo la zampa.
Allora resto qui. Senza chiamare.,Allora resto qui. Senza chiamare.
ASCOLTA,ASCOLTA
TORNA AL RITO,TORNA AL RITO
SALTA DIALOGO,SALTA DIALOGO
Gloria %d,Gloria %d
Arena %d,Arena %d
La quietanza si apre dall'arena %d.,La quietanza si apre dall'arena %d.
Decima di Sangue: quietanza bloccata ancora per %d arena.,Decima di Sangue: quietanza bloccata ancora per %d arena.
Hai placato la folla: raddoppio bloccato.,Hai placato la folla: raddoppio bloccato.
Ultima arena: prendi la quietanza.,Ultima arena: prendi la quietanza.
Arena del Disprezzo: quietanza vietata.,Arena del Disprezzo: quietanza vietata.
SE IL PATTO REGGE,SE IL PATTO REGGE
SE IL PATTO CEDE,SE IL PATTO CEDE
Nessun patto firmato.,Nessun patto firmato.
Gloria del percorso: %d,Gloria del percorso: %d
Segni: %d,Segni: %d
NUOVE VOCI D'ARCHIVIO,NUOVE VOCI D'ARCHIVIO
Se il patto cede: %s,Se il patto cede: %s
"CASO ANALOGO RILEVATO.
PRECEDENTE: FELIX GALLICUS.","CASO ANALOGO RILEVATO.
PRECEDENTE: FELIX GALLICUS."
"PRECEDENTE: FELIX GALLICUS.
FASCICOLO ANCORA APERTO.","PRECEDENTE: FELIX GALLICUS.
FASCICOLO ANCORA APERTO."
NESSUNA ULTERIORE DECISIONE RILEVANTE.,NESSUNA ULTERIORE DECISIONE RILEVANTE.
In posta %d Gloria,In posta %d Gloria
Arena %d di %d,Arena %d di %d
La posta di %d Gloria resta in gioco. Pressione +%d.,La posta di %d Gloria resta in gioco. Pressione +%d.
Regge spesso,Regge spesso
Regge a volte,Regge a volte
Regge di rado,Regge di rado
%s: +%d Gloria in posta.,%s: +%d Gloria in posta.
%s: la posta raddoppia.,%s: la posta raddoppia.
Perdi metà della posta.,Perdi metà della posta.
Perdi tutta la posta.,Perdi tutta la posta.
Il Registro resta aperto: incassa la posta o rilancia.,Il Registro resta aperto: incassa la posta o rilancia.
Ogni colpo mette alla prova la cera.,Ogni colpo mette alla prova la cera.
IMPRIMI IL SIGILLO,IMPRIMI IL SIGILLO
ALZA LA MANO,ALZA LA MANO
IL SIGILLO REGGE - COLPISCI ANCORA O ALZA LA MANO,IL SIGILLO REGGE - COLPISCI ANCORA O ALZA LA MANO
SIGILLO PIENO - IL REGISTRO PUÒ AVANZARE,SIGILLO PIENO - IL REGISTRO PUÒ AVANZARE
LA CERA SI INCRINA - IL SIGILLO CEDE,LA CERA SI INCRINA - IL SIGILLO CEDE
Il sigillo regge: +%d Gloria in posta.,Il sigillo regge: +%d Gloria in posta.
"Un altro colpo: %s, altri +%d Gloria. Se la cera si incrina, il patto cede.","Un altro colpo: %s, altri +%d Gloria. Se la cera si incrina, il patto cede."
La cera si incrina.,La cera si incrina.
"Mostra un Segno alla gradinata: il sigillo regge, ma il corpo paga con un nuovo segno. Una volta per percorso.","Mostra un Segno alla gradinata: il sigillo regge, ma il corpo paga con un nuovo segno. Una volta per percorso."
LA CERA SI INCRINA - MOSTRA UN SEGNO O LASCIA CEDERE,LA CERA SI INCRINA - MOSTRA UN SEGNO O LASCIA CEDERE
LASCIA CEDERE,LASCIA CEDERE
MOSTRA UN SEGNO,MOSTRA UN SEGNO
IL SEGNO SALVA IL SIGILLO - IL CORPO PAGA,IL SEGNO SALVA IL SIGILLO - IL CORPO PAGA
Segno mostrato alla gradinata,Segno mostrato alla gradinata
La gradinata vuole sangue.,La gradinata vuole sangue.
La gradinata raccoglie la sabbia.,La gradinata raccoglie la sabbia.
La gradinata si annoia.,La gradinata si annoia.
La gradinata trattiene il fiato.,La gradinata trattiene il fiato.
Favore -1.,Favore -1.
Favore -2.,Favore -2.
"Favore +1, Pressione +1. Se il patto regge, posta +1.","Favore +1, Pressione +1. Se il patto regge, posta +1."
Ti ripari: non cambia nulla.,Ti ripari: non cambia nulla.
"Favore +2, ma la sabbia lascia un Segno.","Favore +2, ma la sabbia lascia un Segno."
"Favore +2, Pressione +1: l'occhio è già perduto.","Favore +2, Pressione +1: l'occhio è già perduto."
"Favore +1, Pressione +1.","Favore +1, Pressione +1."
"Favore +1, Pressione -1.","Favore +1, Pressione -1."
"Favore -2, Pressione +1. Se il patto regge, posta +1.","Favore -2, Pressione +1. Se il patto regge, posta +1."
Il sigillo ha retto: la gradinata approva.,Il sigillo ha retto: la gradinata approva.
Il sigillo ha ceduto: la gradinata si raffredda.,Il sigillo ha ceduto: la gradinata si raffredda.
LA GRADINATA,LA GRADINATA
Favore %+d.,Favore %+d.
Ostile: blocca la quietanza.,Ostile: blocca la quietanza.
Fredda: la quietanza rende meno.,Fredda: la quietanza rende meno.
Ben disposta: il sigillo regge un po' di più.,Ben disposta: il sigillo regge un po' di più.
Ti acclama: il sigillo regge di più.,Ti acclama: il sigillo regge di più.
LA GRADINATA TI PORTA: posta +2.,LA GRADINATA TI PORTA: posta +2.
"LA GRADINATA SI RIVOLTA: un Segno, Pressione +1.","LA GRADINATA SI RIVOLTA: un Segno, Pressione +1."
Scambio %d di %d:,Scambio %d di %d:
Rivolta della gradinata,Rivolta della gradinata
Sabbia della gradinata,Sabbia della gradinata
BANCO DI VESSA,BANCO DI VESSA
Conto %d Denari,Conto %d Denari
%d Denari,%d Denari
COMPRA IL FAVORE,COMPRA IL FAVORE
PAGA LA PRESSIONE,PAGA LA PRESSIONE
ASSICURA LA POSTA,ASSICURA LA POSTA
Favore +2.,Favore +2.
Pressione -2.,Pressione -2.
"Se il sigillo cede, la posta resta.","Se il sigillo cede, la posta resta."
Conto in debito. Salda con la quietanza per riaprire il banco.,Conto in debito. Salda con la quietanza per riaprire il banco.
La posta di questa arena è assicurata.,La posta di questa arena è assicurata.
La gradinata lancia monete: Denari +%d.,La gradinata lancia monete: Denari +%d.
La rivolta costa: Denari -%d.,La rivolta costa: Denari -%d.
Quietanza versata: Denari +%d.,Quietanza versata: Denari +%d.
Vessa iscrive il debito: Denari -%d.,Vessa iscrive il debito: Denari -%d.
Banco di Vessa: Denari -%d.,Banco di Vessa: Denari -%d.
Vessa ricorda il debito: Pressione +1.,Vessa ricorda il debito: Pressione +1.
La polizza di Vessa salva la posta.,La polizza di Vessa salva la posta.
Comprato al banco: Favore +2.,Comprato al banco: Favore +2.
Debito con Vessa,Debito con Vessa
Il conto di Vessa,Il conto di Vessa
Questo è il tuo conto da Vessa. Le cifre le copio io; il margine lo decide lei.,Questo è il tuo conto da Vessa. Le cifre le copio io; il margine lo decide lei.
Prima dei Denari pagavamo con la voce. Quella dove la metti?,Prima dei Denari pagavamo con la voce. Quella dove la metti?
"Sul conto ci sono i Denari, Dima. Per la voce non ho una cifra.","Sul conto ci sono i Denari, Dima. Per la voce non ho una cifra."
E quando il conto scende sotto zero?,E quando il conto scende sotto zero?
"Vessa lo ricorda alla gradinata. A ogni arena, finché resta il debito.","Vessa lo ricorda alla gradinata. A ogni arena, finché resta il debito."
Così la voce torna buona. Per riscuotere.,Così la voce torna buona. Per riscuotere.
La sabbia nelle tasche,La sabbia nelle tasche
Hai visto la prima fila? Ha le tasche piene di sabbia.,Hai visto la prima fila? Ha le tasche piene di sabbia.
Prima restava sotto i passi. Almeno copriva i segni.,Prima restava sotto i passi. Almeno copriva i segni.
"Adesso se la tengono. Se il patto non piace, la tirano.","Adesso se la tengono. Se il patto non piace, la tirano."
E quando piace?,E quando piace?
Tirano monete. Vessa è già lì che le conta.,Tirano monete. Vessa è già lì che le conta.
Quelle almeno si vedono arrivare.,Quelle almeno si vedono arrivare.
Il richiamo,Il richiamo
Orvo sta provando il richiamo. Lo sento anche quando crede di parlare piano.,Orvo sta provando il richiamo. Lo sento anche quando crede di parlare piano.
Tu non provavi mai.,Tu non provavi mai.
Chiamavo sopra tutti. Questa tacca me la porto da allora.,Chiamavo sopra tutti. Questa tacca me la porto da allora.
Qui ho l’annuncio accettato. Della tacca non c’è traccia.,Qui ho l’annuncio accettato. Della tacca non c’è traccia.
Allora scrivi questo: oggi ho scelto di tacere.,Allora scrivi questo: oggi ho scelto di tacere.
"Non ho un atto da copiare, Rugo.","Non ho un atto da copiare, Rugo."
I posti in vendita,I posti in vendita
Vessa è passata con il righello. Vuole vendere anche la terza fila.,Vessa è passata con il righello. Vuole vendere anche la terza fila.
Mi ha dato le misure. Devo copiarle tutte.,Mi ha dato le misure. Devo copiarle tutte.
Tutte? Io so chi si sedeva in ciascuno di quei posti.,Tutte? Io so chi si sedeva in ciascuno di quei posti.
Anche quello accanto a te?,Anche quello accanto a te?
"Le ho fermato il righello. Fin qui, le ho detto. Non oltre.","Le ho fermato il righello. Fin qui, le ho detto. Non oltre."
La mia copia finisce al tuo posto. Dopo ho lasciato bianco.,La mia copia finisce al tuo posto. Dopo ho lasciato bianco.
La riga che resta,La riga che resta
Le altre copie le ho raschiate. Come ogni sera. Passa l’ala: sono lisce.,Le altre copie le ho raschiate. Come ogni sera. Passa l’ala: sono lisce.
"COPIA RESPINTA
Riga già iscritta.","COPIA RESPINTA
Riga già iscritta."
"Questa invece è ancora qui. Tre lame, e non sono riuscito a toglierla.","Questa invece è ancora qui. Tre lame, e non sono riuscito a toglierla."
Che cosa dice?,Che cosa dice?
Un nome. Il fascicolo è aperto. Non ho altro da trascrivere.,Un nome. Il fascicolo è aperto. Non ho altro da trascrivere.
Lascia stare la lama. Io il posto lo tengo ancora.,Lascia stare la lama. Io il posto lo tengo ancora.
Vessa: Il conto è aperto.,Vessa: Il conto è aperto.
Nerio: La cifra l’ho copiata. Ora puoi riprenderlo.,Nerio: La cifra l’ho copiata. Ora puoi riprenderlo.
Orvo: La prima fila ha le tasche piene.,Orvo: La prima fila ha le tasche piene.
Vessa: Di sabbia o di monete?,Vessa: Di sabbia o di monete?
Dima: Hanno venduto la terza fila.,Dima: Hanno venduto la terza fila.
Vessa: Il tuo posto no. Per ora.,Vessa: Il tuo posto no. Per ora.
Orvo: Guarda come ti studiano.,Orvo: Guarda come ti studiano.
Rugo: Li vedo. Non ho ancora aperto il becco.,Rugo: Li vedo. Non ho ancora aperto il becco.
Vessa: Guarda le monete. Basta tenerli dalla tua parte.,Vessa: Guarda le monete. Basta tenerli dalla tua parte.
"Orvo: Se si rivoltano, il conto lo mandi tu.","Orvo: Se si rivoltano, il conto lo mandi tu."
Dima: Sento la sabbia nelle tasche.,Dima: Sento la sabbia nelle tasche.
Rugo: Aspetta. Non chiamarli ancora.,Rugo: Aspetta. Non chiamarli ancora.
Vessa: Il conto.,Vessa: Il conto.
Nerio: Copiato.,Nerio: Copiato.
Orvo: Tasche piene.,Orvo: Tasche piene.
"Vessa: Monete, spero.","Vessa: Monete, spero."
Dima: La terza fila.,Dima: La terza fila.
Vessa: Venduta.,Vessa: Venduta.
Orvo: Ti guardano.,Orvo: Ti guardano.
Rugo: Lo so.,Rugo: Lo so.
Vessa: Le monete.,Vessa: Le monete.
Orvo: O il conto.,Orvo: O il conto.
Dima: La sabbia.,Dima: La sabbia.
Rugo: Non ancora.,Rugo: Non ancora.
Il posto tenuto,Il posto tenuto
"Dima, la gradinata si sta riempiendo. Hai ancora la zampa lì.","Dima, la gradinata si sta riempiendo. Hai ancora la zampa lì."
Aspetto che si siedano. Dopo la tolgo. Tanto lì non si mette nessuno.,Aspetto che si siedano. Dopo la tolgo. Tanto lì non si mette nessuno.
Chi ci sedeva?,Chi ci sedeva?
Uno che chiudeva ogni bando. Orvo non faceva in tempo a bandire il successivo.,Uno che chiudeva ogni bando. Orvo non faceva in tempo a bandire il successivo.
Manca la chiusura del fascicolo. Non l’ho mai ricevuta da copiare.,Manca la chiusura del fascicolo. Non l’ho mai ricevuta da copiare.
Io l’ho visto alzarsi. Il posto era ancora caldo. La chiusura non c’è stata.,Io l’ho visto alzarsi. Il posto era ancora caldo. La chiusura non c’è stata.
Il passo,Il passo
"Quel passo, oggi. Si è fermato sulla stessa pietra.","Quel passo, oggi. Si è fermato sulla stessa pietra."
Il nuovo?,Il nuovo?
"Il nuovo. Stessa pausa prima della soglia, stesso piede avanti.","Il nuovo. Stessa pausa prima della soglia, stesso piede avanti."
Le righe sono distinte. Su questo non c’è dubbio.,Le righe sono distinte. Su questo non c’è dubbio.
Non ti ho chiesto delle righe. La pausa l’ho sentita.,Non ti ho chiesto delle righe. La pausa l’ho sentita.
"Allora lascia la zampa dov’è, ancora per un po’.","Allora lascia la zampa dov’è, ancora per un po’."
La stessa pendenza,La stessa pendenza
Ho messo la tua copia accanto a quella riga. Hanno la stessa pendenza.,Ho messo la tua copia accanto a quella riga. Hanno la stessa pendenza.
"CONFRONTO IN CORSO
Corrispondenza parziale.","CONFRONTO IN CORSO
Corrispondenza parziale."
Parziale. Le separi o no?,Parziale. Le separi o no?
La pendenza coincide. Non basta per metterle nello stesso fascicolo.,La pendenza coincide. Non basta per metterle nello stesso fascicolo.
Il posto è sempre lì. Non aspetta te. Lo tengo io.,Il posto è sempre lì. Non aspetta te. Lo tengo io.
Tengo le copie qui. Non le ho ancora archiviate.,Tengo le copie qui. Non le ho ancora archiviate.
BANDO DI ORVO,BANDO DI ORVO
IL BANDO DI ORVO,IL BANDO DI ORVO
%d di %d Gloria entro l'arena %d.,%d di %d Gloria entro l'arena %d.
Bando chiuso: Denari +%d e un gradino.,Bando chiuso: Denari +%d e un gradino.
Scala completa: %d gradini.,Scala completa: %d gradini.
Gradino %d di %d.,Gradino %d di %d.
Gradino %d di %d,Gradino %d di %d
In palio il racconto «%s».,In palio il racconto «%s».
In palio nuovi patti nel Registro.,In palio nuovi patti nel Registro.
Incassa %d Gloria entro l'arena %d.,Incassa %d Gloria entro l'arena %d.
Al bando chiuso: Denari +%d e un gradino.,Al bando chiuso: Denari +%d e un gradino.
Bando chiuso: gradino %d di %d.,Bando chiuso: gradino %d di %d.
Bando mancato: %d Gloria entro l'arena %d.,Bando mancato: %d Gloria entro l'arena %d.
Prossimo bando: %d Gloria entro l'arena %d.,Prossimo bando: %d Gloria entro l'arena %d.
Il bando è scaduto.,Il bando è scaduto.
BANDO CHIUSO,BANDO CHIUSO
Bando chiuso: Denari +%d.,Bando chiuso: Denari +%d.
La gradinata ricorda il bando: Favore +2.,La gradinata ricorda il bando: Favore +2.
Catena %d: posta %s.,Catena %d: posta %s.
Catena %s,Catena %s
Bando scaduto: nessun gradino.,Bando scaduto: nessun gradino.
Bando mancato: nessun gradino.,Bando mancato: nessun gradino.
%d GLORIA IN POSTA,%d GLORIA IN POSTA
%d Gloria incassate,%d Gloria incassate
FERITA APERTA,FERITA APERTA
OSSA INCRINATE,OSSA INCRINATE
MARCHIO DELLA VERGOGNA,MARCHIO DELLA VERGOGNA
ARMATURA ARRUGGINITA,ARMATURA ARRUGGINITA
MARCHIO DEL DEBITO,MARCHIO DEL DEBITO
OCCHIO PERDUTO,OCCHIO PERDUTO
Tenuta rituale ridotta.,Tenuta rituale ridotta.
Rischio aumentato nelle arene.,Rischio aumentato nelle arene.
Il pubblico ti giudica.,Il pubblico ti giudica.
Protezione compromessa.,Protezione compromessa.
Pressione più severa.,Pressione più severa.
Il perfetto è più raro.,Il perfetto è più raro.
Tenuta rituale ridotta e recupero meno efficace.,Tenuta rituale ridotta e recupero meno efficace.
Avanzamento piu lento e margine di errore ridotto.,Avanzamento piu lento e margine di errore ridotto.
Aumenta la probabilita di condanna.,Aumenta la probabilita di condanna.
Le conseguenze avverse sono piu probabili.,Le conseguenze avverse sono piu probabili.
La pressione pesa di più.,La pressione pesa di più.
Peggiora le chance di esiti puliti.,Peggiora le chance di esiti puliti.
FOLLA IN DELIRIO,FOLLA IN DELIRIO
La folla ti marca: incasso bloccato.,La folla ti marca: incasso bloccato.
Il sangue ti segue anche quando l'arena tace.,Il sangue ti segue anche quando l'arena tace.
La folla ascolta il tuo respiro corto.,La folla ascolta il tuo respiro corto.
Il giudizio è già inciso sulla pelle.,Il giudizio è già inciso sulla pelle.
Cammini con onore ma ogni passo pesa.,Cammini con onore ma ogni passo pesa.
Il debito del corpo resta sotto la sabbia.,Il debito del corpo resta sotto la sabbia.
Il destino ti guarda senza tregua.,Il destino ti guarda senza tregua.
La vergogna ti precede davanti alla folla.,La vergogna ti precede davanti alla folla.
Ogni sguardo è un giudizio che brucia.,Ogni sguardo è un giudizio che brucia.
Porti il segno anche quando vinci.,Porti il segno anche quando vinci.
"Hai offerto onore e sangue, ma l'armatura non regge.","Hai offerto onore e sangue, ma l'armatura non regge."
La ruggine canta il tuo debito.,La ruggine canta il tuo debito.
Il giudizio scivola sulle ferite.,Il giudizio scivola sulle ferite.
Il debito ti stringe come catena sacra.,Il debito ti stringe come catena sacra.
La folla esige il prezzo della promessa.,La folla esige il prezzo della promessa.
Il destino pesa su ogni patto.,Il destino pesa su ogni patto.
Hai perso un occhio ma non la vergogna di guardare.,Hai perso un occhio ma non la vergogna di guardare.
Il sangue vela il tuo destino.,Il sangue vela il tuo destino.
La folla vede la tua mancanza.,La folla vede la tua mancanza.
"GLORIA
IN POSTA","GLORIA
IN POSTA"
