path	type	family	size_bytes	sha256	reference_count
UI Official/Background boxes/BGbox_01A.png	.png	UI	544	45f26e8cf6d47ccdd1c9a61d2ce0eacd12fc58afd45b17a686dc287ea45f8cd1	0
UI Official/Background boxes/BGbox_01B.png	.png	UI	533	79e6f271d0bc4c04ec5a07616777332f37b1ff08dfe2eecd08dd995ababe7807	0
UI Official/Background boxes/BGbox_01C.png	.png	UI	554	38bcd23290bc335799056de261cea2d1957790d3940c08c7a1e9cf565c85fb0a	0
UI Official/Background boxes/BGbox_02A.png	.png	UI	465	6d94762f60b6c7bfcf29a13089ce5696eb7b9ad4b59b8532796f386ac62b9279	1
UI Official/Background boxes/BGbox_02B.png	.png	UI	473	c8cda950f5b513b612e131ffd2ad9e980fba6777a1926197ff7768900a2c4053	0
UI Official/Background boxes/BGbox_03A.png	.png	UI	750	4ea8829c0fcbe20912cc7e1e0a355fb62e8e9227f4b553731b24f5ad0de6ab65	0
UI Official/Background boxes/BGbox_04A.png	.png	UI	667	7f245222795b7b85cb2eb6645ef41b5721ca2aca886b2057b882ef27d46bb19e	0
UI Official/Background boxes/BGbox_04B.png	.png	UI	689	f0e34e809ca1a11dd7bfbf002b2bd1cc4193b28a1e4fc0e7f4fcdc223a93e074	0
UI Official/Background boxes/BGbox_04C.png	.png	UI	679	d6cf0a37b1c225de2616c6fc5e5b21b38e87a19b608f952a16d00f84130d2458	0
UI Official/Background boxes/BGbox_05A.png	.png	UI	499	ee0a431b7aaa28a8da534b4d0e6e4d72bb1a3530d5a113f450a983fe538d7b6c	0
UI Official/Background boxes/BGbox_06A.png	.png	UI	662	199346d7a6373afc8aa380d7b4fbba3079cae123013159b4d12ff0987fce600d	0
UI Official/Background boxes/BGbox_07A.png	.png	UI	1007	d22f045d70a660d6d6a6444c3bc636da623c7cdc7aea82048b9924d8a936b8a8	0
UI Official/Background boxes/BGbox_08A.png	.png	UI	394	df32c846ea8830595e6d65f177ab56eeda2a4d1c07129499219caa2d98229c9c	0
UI Official/Buttons1/Button_01A_Normal.png	.png	UI	276	894dde3be85083b1e739ab6fe1e0ad7ba3c420bd1a6cecba36cba1f57a69f7a8	0
UI Official/Buttons1/Button_01A_Pressed.png	.png	UI	292	cfcb2d11abe08959efa6f78ca5a81ea558181f8a25dbfee582bb10d11a179f57	0
UI Official/Buttons1/Button_01A_Selected.png	.png	UI	252	d4b78150e287a672954bb67d6e451e885ee205378440d2c9114998691401e627	0
UI Official/Buttons1/Button_01B_Normal.png	.png	UI	256	4c2812c07b6296a2a1621c8c9071e9c4eba0c235e180e895d8e48c22ab9b0fac	0
UI Official/Buttons1/Button_01B_Pressed.png	.png	UI	266	e52e0244eb3f2719668f9c1291e4240b65f06054b434070d911a9e0f6da19e75	0
UI Official/Buttons1/Button_01B_Selected.png	.png	UI	244	7061ccc13dd21a6983f57b2725479b34a8f398e44a641aafbfb8016f9a0fd00c	0
UI Official/Buttons1/Button_01C_Normal.png	.png	UI	313	03192153410494d7361c1b2be3aeb03059e619705fb6e973d0ea1651c12c53b4	0
UI Official/Buttons1/Button_01C_Pressed.png	.png	UI	311	6f16c761980326e9d662f1f3f2f6b5183d05bb394a59baefc77f33148151fe7b	0
UI Official/Buttons1/Button_01C_Selected.png	.png	UI	291	70ab6f08570bf6d7ed5971bc81b3c848a7b86e594079e23fba0b2efc4b8a7ea9	0
UI Official/Buttons1/Button_01D_Normal.png	.png	UI	206	0ca5dff8f48b58ad11acec0c3b8cc658bd482d1d2816865c5322c8a4449ae3d1	0
UI Official/Buttons1/Button_01D_Pressed.png	.png	UI	212	85c477b812ba877d6442cc84e98b876818b316d46277d442bafc629bfcad4f40	0
UI Official/Buttons1/Button_01D_Selected.png	.png	UI	201	3a1925bb34c86deec9e5595508ef0e24232cf9e4275cf94583d808522b74aaf8	0
UI Official/Buttons1/Button_01E_Normal.png	.png	UI	229	d8b713c38c80f104310c0b0594d212a54185558a92f8922e09c2d39cdef455c4	0
UI Official/Buttons1/Button_01E_Pressed.png	.png	UI	233	662fdeb66a7d15ced842c161e485d833413f1d3a82ce8a489fae46fc96a77fd4	0
UI Official/Buttons1/Button_01E_Selected.png	.png	UI	231	a8f247b2f55b6a765532897192ae826cf472cd84cec06275933827d7a2692c84	0
UI Official/Buttons1/Button_02A_Normal.png	.png	UI	304	e6744fba573cd05aaf95e27c32499e5e0db55700a925bc9d55e73d5e63dc7b0f	0
UI Official/Buttons1/Button_02A_Pressed.png	.png	UI	306	b4bb9a4dffbe895308dee90174d2f89d3b3ee1b57e92056937154a0551f0ea38	0
UI Official/Buttons1/Button_02A_Selected.png	.png	UI	289	61140f6bec04a81c4605c4ad34eba8974ea19e7c3cf0fd8c08cdad88fa7a3bd4	0
UI Official/Buttons1/Button_02B_Normal.png	.png	UI	276	e9e82cccc91b0f2312897af376fe9ead2df4cfc03dc6f8da891d200f95bb3313	0
UI Official/Buttons1/Button_02B_Pressed.png	.png	UI	275	71ad4d2f7319c54d27f61d38dd8266410ce572c3aacde64595033ebdc4f440c4	0
UI Official/Buttons1/Button_02B_Selected.png	.png	UI	270	029036d2beceea2fd767c4f94c0e3062d5316135eb79b55bfd2cdc74e7a7753b	0
UI Official/Buttons1/Button_02C_Normal.png	.png	UI	321	c79815b7e96309ca07aa5b312518a00721b6172bcf26e32299c5f3245214960d	0
UI Official/Buttons1/Button_02C_Pressed.png	.png	UI	324	3d0509db4b9927988e82c6f08bcbd20dfca8a50f1d6a856e4d6216ed48e68e8a	0
UI Official/Buttons1/Button_02C_Selected.png	.png	UI	308	e750d58cc825de73918c29f5c765ff3a96ba9b96391aeb38bbec50a721e9d41a	0
UI Official/Buttons1/Button_02D_Normal.png	.png	UI	240	273c35c18fa869e7e412ed0f66de127f6e11bae4ef177e506c873e65e514e817	0
UI Official/Buttons1/Button_02D_Pressed.png	.png	UI	212	a37f759b0ebf28bd1e68c82398fec16c655077e424f72015e2d11dab8b78c167	0
UI Official/Buttons1/Button_02D_Selected.png	.png	UI	236	6bd93d35e63a5dc98004fe3fc1dfdd03d40c137c3a8c67215d864c3a3eb10028	0
UI Official/Buttons1/Button_02E_Normal.png	.png	UI	272	6bfe9f121b1db277a50f494430e10e7822cccc45d5a30bc5cb49140651993df7	0
UI Official/Buttons1/Button_02E_Pressed.png	.png	UI	248	837571fbd80184e7c094e838d6af7f6867fe3e93399816129b2e8437e7f26b1c	0
UI Official/Buttons1/Button_02E_Selected.png	.png	UI	264	5af629debe065b25cd4cbf8e75ca4adac3e69464c001387b32730270a94d64ed	0
UI Official/Buttons1/Button_03A_Normal.png	.png	UI	476	4a68495658711ecffc11ef8d27158e74b8e11c1c64db571709b216410700ed9e	2
UI Official/Buttons1/Button_03A_Pressed.png	.png	UI	490	e3e639850bd415253e8a37cc19765adfa096f6564b633384730da07dca5e047c	1
UI Official/Buttons1/Button_03A_Selected.png	.png	UI	512	4c1eb5ab35053c78ad92e40f2215dcb2c92c779658cae57e814172662dbca1c4	1
UI Official/Buttons1/Button_03B_Normal.png	.png	UI	424	ae845276c666489bfb8f95800e18ebb126baa33ebb3f5fdaae568948bce10358	0
UI Official/Buttons1/Button_03B_Pressed.png	.png	UI	429	ef153250e38d004b8fec932784b70476c91fa96e4afa3d089172dd63ebdd5c65	0
UI Official/Buttons1/Button_03B_Selected.png	.png	UI	506	9ccc5835b6376da389a52bd4288fa13545f3ca45d64ed7b92477c0a802fc4c3a	0
UI Official/Buttons1/Button_03C_Normal.png	.png	UI	466	4d09f4b24963913fbb93595ba9006e86fff0de9c92ee949f36401b4566eaeeff	0
UI Official/Buttons1/Button_03C_Pressed.png	.png	UI	460	195abe6003f66a2efc2731c615e98ccc646bd749078402c2251629efdac11801	0
UI Official/Buttons1/Button_03C_Selected.png	.png	UI	551	c24262f2966ead162ded38fb64698cf29caf974c3a6be6a8d484d40f16c6fafd	0
UI Official/Buttons1/Button_03D_Normal.png	.png	UI	309	2298cf7ca4f10112d6b21b34e44da69425c52bec87261d0ff7217b7033aa2532	0
UI Official/Buttons1/Button_03D_Pressed.png	.png	UI	350	af6c1dbf109c2d9c36253ce0fd86d9654612ca0dce8919fb5ad7fd02b911eca5	0
UI Official/Buttons1/Button_03D_Selected.png	.png	UI	341	dbb2b0e4a2877e2c4bd4f4fcba8afa124e9e93ad9287ae961b57071247148eb2	0
UI Official/Buttons1/Button_03E_Normal.png	.png	UI	331	0b5b7e42a22559e08d0723567427cba3abb91f62a864aaebee7d310b3f0fd457	0
UI Official/Buttons1/Button_03E_Pressed.png	.png	UI	371	365190630eb95fc14e6e510803b929e9f9b21bba9639b4ac3293a9a6bd74c59f	0
UI Official/Buttons1/Button_03E_Selected.png	.png	UI	356	a9c599406e14332c9333f28f8896c40bced85ba27d12be59deef85a87fa9ffc2	0
UI Official/Buttons1/Button_04A_Normal.png	.png	UI	323	35d91f0c008638e73a889a5f82a323a65b54f42cd5cb9c975cbd46fecfadf454	0
UI Official/Buttons1/Button_04A_Pressed.png	.png	UI	314	b2a8afdc9ad214067124a1e48c1375adb7e837f94cb708fc3dc1cd21d35b8c89	0
UI Official/Buttons1/Button_04A_Selected.png	.png	UI	308	e8ba0690a0ffb2b00dad089c9594fd5acb8d5735ac6b4a4b7ddaaf87a1a30abf	0
UI Official/Buttons1/Button_05A_Normal.png	.png	UI	323	70599a43f9950b2651f6d42ce73d36569b39e51631d83661479a2a93846b3364	0
UI Official/Buttons1/Button_05A_Pressed.png	.png	UI	317	3df2d0dcad230485a623ec9100d1d9b4eea249c3293c21caf971a6b9ca800117	0
UI Official/Buttons1/Button_05A_Selected.png	.png	UI	306	3b95edec7409fa1244ca42ffae9e9b27d6eb7bd7e88fc106e7280982a764202c	0
UI Official/Buttons1/Button_06A_Normal.png	.png	UI	318	bb73156bc6ca656978f361a99b3683a081568a763d394358219961b8a743c7ba	0
UI Official/Buttons1/Button_06A_Pressed.png	.png	UI	294	7dfb949c1832daa9046aa93ab0426c78c0e0fae99d9182ec30cb4765752424b4	0
UI Official/Buttons1/Button_06A_Selected.png	.png	UI	310	4cee633c9308e72d3e415fb38a25d4cb6fe996110c36af6897273a904df6acd3	0
UI Official/Buttons1/Input_Axis02.png	.png	UI	164	fd5ef62af9476930999e46ce87de39058add6e46d741a18258f67797a3417f78	0
UI Official/Buttons1/Input_Axis02_All.png	.png	UI	234	b1f65f21d367fc83daae21ef0ca82c64ab41e21824ba67ad5ce381a1e635bcb9	0
UI Official/Buttons1/Input_Axis02_Down.png	.png	UI	186	264c1dc375eb619bef2e526cedb2187284b184f8b4c7f359f1974f65455a9276	0
UI Official/Buttons1/Input_Axis02_L.png	.png	UI	184	4746d974114b3204c8a378fe5e748087a1317307894e6e0f5548672f256e9caf	0
UI Official/Buttons1/Input_Axis02_L3.png	.png	UI	204	8b2044be2dc80e0471303ebbc26765c3d404d940cfe46bdb09a99d8ad22ea03e	0
UI Official/Buttons1/Input_Axis02_L3_All.png	.png	UI	261	84cc46541b1305202ea42e0b3a8515282d79daa8bd81a7d58eccf7ee628153ae	0
UI Official/Buttons1/Input_Axis02_L3_Down.png	.png	UI	226	dc460471606492b663773580f2ca4b01d166cabdfdd75ddd25680a99e7dd35cc	0
UI Official/Buttons1/Input_Axis02_L3_Left.png	.png	UI	222	0d719cc95ea1431a4bddfaf18b029f7a0302576ff30d73e76bd8d0788055e712	0
UI Official/Buttons1/Input_Axis02_L3_Right.png	.png	UI	221	39b9024b017ffc574e6e245e40e350c972d047a52e0eddfd3c77c6f17d20125b	0
UI Official/Buttons1/Input_Axis02_L3_Up.png	.png	UI	229	d35fcf0df148f36add5f380349ac7f38eea705181398d8586383eb4fc357cafa	0
UI Official/Buttons1/Input_Axis02_L_All.png	.png	UI	242	4aabba4646ad2cab7a08e2e5ee63a63559fe23e99afa14cda5b131f3e08cb892	0
UI Official/Buttons1/Input_Axis02_L_Down.png	.png	UI	205	c6415d7682b59407edde4aaac263c987d47651a27a800ec282e2bbe024029778	0
UI Official/Buttons1/Input_Axis02_L_Left.png	.png	UI	202	9c9e26d527dc3f4675fa833924f0487e5c7a00bd84a96a79397d7429289d9283	0
UI Official/Buttons1/Input_Axis02_Left.png	.png	UI	195	1998ee9569214179505b43a45a96d4027aaab21f21af2c5307724e79ac72c5df	0
UI Official/Buttons1/Input_PS_Circle_Pressed.png	.png	UI	273	e130238a7a78e56e2ea466b0eef324d7d6aa39c497919f75585a73d02a271a44	0
UI Official/Buttons1/Input_PS_Circle_Selected.png	.png	UI	323	04ac90be5459696d3a5f336dcd66bdb44998a494689b91258e51f23ad7522640	0
UI Official/Buttons1/Input_PS_Square_Normal.png	.png	UI	225	fe08a15e9afa4c5d79d15e209d6bb62c22656e4b5d2ed60c040fae15d2938876	0
UI Official/Buttons1/Input_PS_Square_Pressed.png	.png	UI	218	e50bbb0b46d0687043aed54f6c44daf0acfc0f000b9c4ba6cdb904e87134b875	0
UI Official/Buttons1/Input_PS_Square_Selected.png	.png	UI	262	5d6e8955774dd7962656a61e24a22a4f69cb564d55fceb17fbd83c3d5e0e656e	0
UI Official/Buttons1/Input_PS_Triangle_Normal.png	.png	UI	298	97a73842cde239ec48897025ace905a015e2dfae1c3c35d1b8a9fdff52087d85	0
UI Official/Buttons1/Input_PS_Triangle_Pressed.png	.png	UI	270	7bdbe1e04d3d55a8fcc8cab4d718a51a3d07522c820fddb65229ce4e8580f241	0
UI Official/Buttons1/Input_PS_Triangle_Selected.png	.png	UI	339	00740afca6eabc585b153945f8cdea874c8f6f7faf0d64cf47ff464b45b05c26	0
UI Official/Buttons1/Input_PS_X_Normal.png	.png	UI	288	dfc8fda24f5cabedc2d5408a2a5e1dd55cde423a6b128bd789eb3f9c4df95063	0
UI Official/Buttons1/Input_PS_X_Pressed.png	.png	UI	269	78bc601341219d3826a2c480842113ad152bf3a310db7cff3c79cd5696baa637	0
UI Official/Buttons1/Input_PS_X_Selected.png	.png	UI	320	94778dfc87baab56ce321bc6b67727e8fd944accd7cdd9faec8a7d8395e117c5	0
UI Official/Buttons1/Input_Xbox_A_Normal.png	.png	UI	251	3fe7cc5fb8a3cfd4ad76b80bfba2917d210fa1eed30a3c67727a5e7389500f18	0
UI Official/Buttons1/Input_Xbox_A_Pressed.png	.png	UI	230	3a35e84133673e6bb95d58d51b1dd0bb0b97398f13a1eff5d25d653973488c24	0
UI Official/Buttons1/Input_Xbox_A_Selected.png	.png	UI	282	392061c4846a73f11a958713288c6c011839e4033c4589e3d1372321d32f0efd	0
UI Official/Buttons1/Input_Xbox_B_Normal.png	.png	UI	252	543ddb5617d921188662292624eb626be2ee28807ff5f280e529cb20f400619e	0
UI Official/Buttons1/Input_Xbox_B_Pressed.png	.png	UI	220	9211d88cefdde1ecda7e7c1a2ee8338d5d543cf085e6fdae06b81919705595cb	0
UI Official/Buttons1/Input_Xbox_B_Selected.png	.png	UI	285	b65816dde11cddf6dfab1c8cbb189c95a8432532844ebd0d3fee89ade3863b0f	0
UI Official/Buttons1/Input_Xbox_Menu_Normal.png	.png	UI	250	21002d319ebb36764ed40d5a79ad491621c1e42cdee1abc6e9780f73b7290e2f	0
UI Official/Buttons1/Input_Xbox_Menu_Pressed.png	.png	UI	211	5137ec21c96e828b77011796c41baccd4ef61358ab06cbabf1116ad63df0c0f7	0
UI Official/Buttons1/Input_Xbox_Menu_Selected.png	.png	UI	292	f92197e051dec6d5a3a183cae32a39f8c294c15b7c4552b75b2db0050e513ea2	0
UI Official/Buttons1/Input_Xbox_X_Normal.png	.png	UI	249	331ceb9f832a872dcc35796cd3316c0dd40d821481f9847fd3211944e4a9185f	0
UI Official/Buttons1/Input_Xbox_X_Pressed.png	.png	UI	217	10310ad74a5e71dfd79ac116feca166a7515fd081b2a426ce0d79c193c5a12f8	0
UI Official/Buttons1/Input_Xbox_X_Selected.png	.png	UI	293	cbd4166730abd457aa373e95954b7ef91a55ef0da769540152bc4b900eaa41ca	0
UI Official/Buttons1/Input_Xbox_Y_Normal.png	.png	UI	251	864eb1375b94d3a3de7e0fdd473970202456b5f0870382aaf91f96061e4862d4	0
UI Official/Buttons1/Input_Xbox_Y_Pressed.png	.png	UI	214	b0cf9ce6576af9ea8da5c38711ca735291b64696bf29aeb1ae1bd5e4c128b44a	0
UI Official/Buttons1/Input_Xbox_Y_Selected.png	.png	UI	278	b2a6fafba3a634d230f14d8fb6742aab47f679a1044c90f04ccc6689dfaf0315	0
UI Official/Buttons2/Input_Axis02_R3_Down.png	.png	UI	236	3aefe7c92389b6309b95179e62993221cf9da4762283f577de6162a739e1606a	0
UI Official/Buttons2/Input_Axis02_R3_Left.png	.png	UI	236	612717db24fdfdb8f26a41a3daee9e891377b3a6eed5cf49999ce13b43e4c086	0
UI Official/Buttons2/Input_Axis02_R3_Right.png	.png	UI	233	32f6c5c05c9d4337ffeeadfd578b48f82cb5a3e4435d3020c4e21a5c1df3f54c	0
UI Official/Buttons2/Input_Axis02_R3_Up.png	.png	UI	243	58cfaca22f20be19bcb759d780f24d06c385b2f734b2051a43690ad9bd1742c7	0
UI Official/Buttons2/Input_Axis02_Right.png	.png	UI	194	2e5f4ddc56e10e46d4ac5c0c16eac85a95d56fef8b4ad01a033db92129b9c73a	0
UI Official/Buttons2/Input_Axis02_Up.png	.png	UI	187	ccf2f6b0eee7a96bae9ad1ee89d52f90f0d7bfdbde0861308215f46c89d58ffe	0
UI Official/Buttons2/Input_Controller_Down_Normal.png	.png	UI	208	e0bac1a9ea13c6f6015f3a76d93fbb1747b452329fd65a2f8e21b495731e4c59	0
UI Official/Buttons2/Input_Controller_Down_Pressed.png	.png	UI	197	b82b8d5c8935563b7fea3509367002d73033dc1bf1067cd1a7d2efd153392bde	0
UI Official/Buttons2/Input_Controller_Down_Selected.png	.png	UI	221	6b1b8781dd7989b7e3b6f424fc58c2291a8c67b2689daad753c85fd350974b81	0
UI Official/Buttons2/Input_Controller_L1_Normal.png	.png	UI	222	7cb94c7a3a777727b3e5568f14c044b68c11d6b6c555f126c708b5cda4035e25	0
UI Official/Buttons2/Input_Controller_L1_Pressed.png	.png	UI	220	a1f8c33029a91b89686d0a2ac7318c6dc38948d1bce6a674932377d452d4d427	0
UI Official/Buttons2/Input_Controller_L1_Selected.png	.png	UI	232	4be0415130a280fedf9d09433c4686ee76edae274a38c84222e956d43b551eca	0
UI Official/Buttons2/Input_Controller_L2_Normal.png	.png	UI	242	80aee9943664c7c1782e9e82d4cc23f45cc2df2b8844867e22e9c0bf134e29fd	0
UI Official/Buttons2/Input_Controller_L2_Pressed.png	.png	UI	239	89ca750247e63e8562ef459dc9cb3b17367a0efa086f63e7bbd5582ef04b99c6	0
UI Official/Buttons2/Input_Controller_L2_Selected.png	.png	UI	260	a527dee2922481d66571f768e45006aa551fd87d854c96c0a8f6731aa1fd002b	0
UI Official/Buttons2/Input_Controller_LT_Normal.png	.png	UI	237	384f1cbd0e47065a69358dfdb4c57abd9acebfe5b58d17e1ea1aba7f01de0e6c	0
UI Official/Buttons2/Input_Controller_LT_Pressed.png	.png	UI	229	78995b42a08064097e13571819f922e7368025ede77863db4d687fbc3a164e23	0
UI Official/Buttons2/Input_Controller_LT_Selected.png	.png	UI	254	b272e859237ca53f65291df297e5ab7973a257882048ba23d63e9333ca6dcc9d	0
UI Official/Buttons2/Input_Controller_Lb_Normal.png	.png	UI	228	9d236bbe980ca4cae48c107c7827548b1fc51b2b7d36bbcdc7a92b88e8adc49c	0
UI Official/Buttons2/Input_Controller_Lb_Pressed.png	.png	UI	222	46cffbf9b73acecb18be8301687c84fb035044914d7daa4341098e1b6bdc7a15	0
UI Official/Buttons2/Input_Controller_Lb_Selected.png	.png	UI	237	cb40083a4b6b636285c5d788e7ca1609f8c4aadc591a20574e7531042f035f4c	0
UI Official/Buttons2/Input_Controller_Left_Normal.png	.png	UI	196	f600ee672b904f5a5ba15206ffd435262863cce3ed58ed33e33558518ba20814	0
UI Official/Buttons2/Input_Controller_Left_Pressed.png	.png	UI	185	e73b19366f26ca96e8abaaf15515b8ec126153f24f4b2bf71e9df968de0309bb	0
UI Official/Buttons2/Input_Controller_Left_Selected.png	.png	UI	190	623c464c343651f0c6cbe1d247f83b43f3dd567b43febf3ce53f707bfd6c3cbb	0
UI Official/Buttons2/Input_Controller_Normal.png	.png	UI	210	43765eee2bfd2173197ff4dc92bc6418d7a86c3809d2abd11f4f355fd6ea7a5b	0
UI Official/Buttons2/Input_Controller_Pressed.png	.png	UI	190	3a4d8a50c4be068da8521aedc73fb412f696794d2289a90581089027857cf99e	0
UI Official/Buttons2/Input_Controller_R1_Normal.png	.png	UI	259	d9201ea9913e7d559afe8a9886645274b6fc3f28a40cc9ca314e651f50aed0dd	0
UI Official/Buttons2/Input_Controller_R1_Pressed.png	.png	UI	241	3348c36c5427fd7d4e0ae70ac4cbd05b1fc9038b59310bf8220315280fab8d9a	0
UI Official/Buttons2/Input_Controller_R1_Selected.png	.png	UI	270	02af30f27789ee306c463822301417a0d76993d6f493aad15bdfdbf7099e13d8	0
UI Official/Buttons2/Input_Controller_R2_Normal.png	.png	UI	257	18e25b9ff50759a84920b3cd53f633df0b7be4960b0c2f61c3317703ad323e4a	0
UI Official/Buttons2/Input_Controller_R2_Pressed.png	.png	UI	246	892c3f6e507f8db51b2285269930fa053e985e21d411b05b3b3404f54e348fa0	0
UI Official/Buttons2/Input_Controller_R2_Selected.png	.png	UI	268	3fec128177bd0f2c64b9b2087a1bf5586129b30ce8a1960a4b24294a16e7d08c	0
UI Official/Buttons2/Input_Controller_RT_Normal.png	.png	UI	247	1865d66a2a60b7716a5502aef6d2bc009ce2b16aa907d6bb151f425c1ce2e02d	0
UI Official/Buttons2/Input_Controller_RT_Pressed.png	.png	UI	235	ade7eee8e6780b129e8bd50d487e4c1203eec5f9d82ac3b22133ee652c924a55	0
UI Official/Buttons2/Input_Controller_RT_Selected.png	.png	UI	257	c7f464bc23acd2ef3863decd0b635009a09d82b95c7cd35ddf447e4cbc7b4849	0
UI Official/Buttons2/Input_Controller_Rb_Normal.png	.png	UI	249	09ddac920bc691c744028fb2d1d204090417278dc151995caf6a9630e0b38df8	0
UI Official/Buttons2/Input_Controller_Rb_Pressed.png	.png	UI	231	cc4121590dc89921fb50400cdf402d37dcbe41f9ff4b1043d0fdee48484649a8	0
UI Official/Buttons2/Input_Controller_Rb_Selected.png	.png	UI	263	0b394988825dc0a1597050f9f9a5f55a28e4cf2b63f0413ed83723b3022cc79a	0
UI Official/Buttons2/Input_Controller_Right_Normal.png	.png	UI	196	72aeb8184f85fc68348816009a8feddd89e18d3609761f77f7c09a20c13f005a	0
UI Official/Buttons2/Input_Controller_Right_Pressed.png	.png	UI	186	96876dcdc5e363d54303e90749cc91140a420ed0f27fa03db990788c767d2f64	0
UI Official/Buttons2/Input_Controller_Right_Selected.png	.png	UI	188	b11d134031f9504b5760c9e48741320cb2637e3d0797fe20640a7da0350f5d3d	0
UI Official/Buttons2/Input_Controller_Selected.png	.png	UI	243	e495c0bf0a89d684e2174ebffc3eac921c7d80b3b14e87cf57804b942972ed66	0
UI Official/Buttons2/Input_Controller_Up_Normal.png	.png	UI	192	9706aa1bdaf07b45537e46dbda2168fde03e8508da2c01cb58177a392e4ddf03	0
UI Official/Buttons2/Input_Controller_Up_Pressed.png	.png	UI	175	59e170f40ff43da77c1fa10534f9be9dd7d4c3161a01e05539789c70c443c4d9	0
UI Official/Buttons2/Input_Controller_Up_Selected.png	.png	UI	213	87b529898275c1c0818441cdd7c2280e09fe35353aa1569c36274926c6718481	0
UI Official/Buttons2/Input_Dpad.png	.png	UI	262	df6e9b0d9b84c2de816c98bf726badc6feddd1954eea56462c4f07d8507f980e	0
UI Official/Buttons2/Input_Dpad_All.png	.png	UI	378	00c90c481f7c35bc5ee0e5c370329cf81d5156a4ced20106ce8a212e3a6eaa43	0
UI Official/Buttons2/Input_Dpad_Down_Normal.png	.png	UI	317	0337d6e130dd031a4771aa7d34cb99ec920e8d02717485f3333d470ad7865da6	0
UI Official/Buttons2/Input_Dpad_Down_Pressed.png	.png	UI	284	e85be800d678b040f7f46ffa70564cd9d66486a596e0d8fd27e63ce9dadffa51	0
UI Official/Buttons2/Input_Dpad_Down_Selected.png	.png	UI	334	1114ef5288309b26557c9e5431a7a15ff5ec64d66131dc822ca3b120616b79ec	0
UI Official/Buttons2/Input_Dpad_Left_Normal.png	.png	UI	288	199f9c0f878d4871e7b7e398a7542be925cb539b75e141bb8fbe6e4996e7c456	0
UI Official/Buttons2/Input_Dpad_Left_Pressed.png	.png	UI	315	460b3c5c991d82df9e082f61f9c6ef015de3fea4c5abe86e48f3e1cf1941b1c3	0
UI Official/Buttons2/Input_Dpad_Left_Selected.png	.png	UI	330	e42ed58a63651d105bd6744fa992b6bbda6c34b15b4a0cb45bbbbc01d81f5509	0
UI Official/Buttons2/Input_Dpad_Right_Normal.png	.png	UI	284	2655e6705461877943059c41936842fbf41c01018157125ca65ef179182c2276	0
UI Official/Buttons2/Input_Dpad_Right_Pressed.png	.png	UI	312	47074ea0d18d41858d9d38c152dec41e2c95eb2b2e6238ad1fd30bde0f75bf1d	0
UI Official/Buttons2/Input_Dpad_Right_Selected.png	.png	UI	329	f034bdfdf687d2d874c8a0038708d97c68ac47c5e05d5f81d69c36de9a2706e2	0
UI Official/Buttons2/Input_Dpad_Up_Normal.png	.png	UI	284	6cf409efd85aaf3ebfe0f7f964cc53878e1748959f313a91378e5dc461418140	0
UI Official/Buttons2/Input_Dpad_Up_Pressed.png	.png	UI	311	1f16f8f4b4d572ff69fe327c169708b150538693760e5f9a4ff7079f6a3e6d30	0
UI Official/Buttons2/Input_Dpad_Up_Selected.png	.png	UI	337	b33d38d94af65db03b755483c70cc672b4ca10696ae227aa99729e7e5a74c770	0
UI Official/Buttons2/Input_KeyA_Normal.png	.png	UI	226	6e2f52c4bf4ffb1ab9c9082f689c77fb6e8c3eb0e64b1a29d1883f14de9222e2	0
UI Official/Buttons2/Input_KeyA_Pressed.png	.png	UI	235	9e188bd0cd1c0d3d4556b7c18182ea54205efa9d45867d49392e4d3fcb9af801	0
UI Official/Buttons2/Input_KeyA_Selected.png	.png	UI	241	8c29c41e74cbca3290432a81b840d70bcbd117dc6cdf72bad4264405908c0c40	0
UI Official/Buttons2/Input_KeyD_Normal.png	.png	UI	233	f677346d6dbd3a02b2eb1fce2aa6421a5ecc0e1d8c3f40b6fd0b199084ff7206	0
UI Official/Buttons2/Input_KeyD_Pressed.png	.png	UI	218	7389747417991989890567af6177e1c95e9e6a4f5b9fc825d57607699f240936	0
UI Official/Buttons2/Input_KeyD_Selected.png	.png	UI	244	fa1db4984d47fa1f2b44faaf6965798a940908ca52301738207c2fe0dc5f9044	0
UI Official/Buttons2/Input_KeyDown_Normal.png	.png	UI	238	1f29f7008e44a155adfe9787b1f3568f865e742a1a5d82b477536b4b1967c0b6	0
UI Official/Buttons2/Input_KeyDown_Pressed.png	.png	UI	217	cfe2ef5eee9a5acf60e1360663c1f0facdaa24f1f6ae5107e61924ae425dcb8e	0
UI Official/Buttons2/Input_KeyDown_Selected.png	.png	UI	249	f7332f0178125442e4c37823ea5ddb4d478aa9239b8840e705915566a856d726	0
UI Official/Buttons2/Input_KeyLeft_Normal.png	.png	UI	212	7c62cd80545d1dc840202acd3f99a5e607790ef06a38a60df179c0afb8f722b7	0
UI Official/Buttons2/Input_KeyLeft_Pressed.png	.png	UI	225	4141189b9e93f4efbf066939a0bf02ce6b09cc77cabd83e1956ba3732e202bc7	0
UI Official/Buttons2/Input_KeyLeft_Selected.png	.png	UI	238	72af2c5db8d4905c53b0939f55d8fe1aa6ab4c626f89e844f7d1bbd0b18c9622	0
UI Official/Buttons2/Input_KeyRight_Normal.png	.png	UI	224	e8df8327a2ee2492e9fa41a1f674818bcc7b5f0739dd3b756b0bd8d7ee60db31	0
UI Official/Buttons2/Input_KeyRight_Pressed.png	.png	UI	218	c343a08f30dcc5f7a90acabad0757332a76b804f9dedd6cbbc1df6fae8b79168	0
UI Official/Buttons2/Input_KeyRight_Selected.png	.png	UI	233	c2f8ceb258bbfd440ef97a88a10f91d5a36a6724b463dba0ad556cdc2fa0d0be	0
UI Official/Buttons2/Input_KeyS_Normal.png	.png	UI	238	2c28a62ab10a2b78535836d488c725bc0cd9c12388f33cf25eb6ce8bda5c8568	0
UI Official/Buttons2/Input_KeyS_Pressed.png	.png	UI	230	01c9e2c2da5d8d5825f366a8a4921578ac3633ffc7987c24ec6c74de336d1a09	0
UI Official/Buttons2/Input_KeyS_Selected.png	.png	UI	246	35390abec039fee12815e3db2a7e1aaaa05493ed0ef83804fdee70b2a8e154f2	0
UI Official/Buttons2/Input_KeyUp_Normal.png	.png	UI	224	18d6fde985cc0d91c88cbd580fc1a36dff62730280313bc403754864547e8fda	0
UI Official/Buttons2/Input_KeyUp_Pressed.png	.png	UI	227	2587dcb0f1051d8d4568e0e68fcfb7d476a7dbaaee452c5d5bbaaa3080784794	0
UI Official/Buttons2/Input_KeyUp_Selected.png	.png	UI	235	3d4bfbf85435558c972929cb394e82ffd22eefb92699aff2eb5f5b00ce3e413a	0
UI Official/Buttons2/Input_KeyW_Normal.png	.png	UI	227	ff34456894da4d06d0ec0c6be9eb0223978a16f7f1fd8adc2215218d9c9f32ce	0
UI Official/Buttons2/Input_KeyW_Pressed.png	.png	UI	233	4c234ac65aa36413079e50ca67f6ab14e82c2d43a2783982e935d93fc2e0a315	0
UI Official/Buttons2/Input_KeyW_Selected.png	.png	UI	236	d47071d22ec5cdd099f086b5776835ecf47e7029b3c837497cfb78b26df345d5	0
UI Official/Buttons2/Input_Key_Normal.png	.png	UI	191	579ed7f936d22bdc5c326c4f8951e3495a26299d1c22c4ef844519b1d6088289	0
UI Official/Buttons2/Input_Key_Pressed.png	.png	UI	182	2129416596756cf90872dc7dd234bbbf787703d3a0daceec8faa71ba62945364	0
UI Official/Buttons2/Input_Key_Selected.png	.png	UI	202	efb090e01de4a6ac959dee03caa9d8cbbea204f43558de6d99191178655d37b5	0
UI Official/Buttons2/Input_Nintendo_A_Normal.png	.png	UI	260	bb6fe2502beed8cdebec8aff2f26e70a38820ca69c69d1a4fd2d09582b1bfd74	0
UI Official/Buttons2/Input_Nintendo_A_Pressed.png	.png	UI	226	a44236e31b32196328d797838627b40afc65216f30eef509f49b16567338cc64	0
UI Official/Buttons2/Input_Nintendo_A_Selected.png	.png	UI	303	351124fb3a3cc2f045022ad4ea58cee5e77fc533f3bff434afcdae2d95c80a3f	0
UI Official/Buttons2/Input_Nintendo_B_Normal.png	.png	UI	258	11103194c4881c68ed1b3f025d023dee38c7b4b75bdb93b7dc9b8efbe03aa5ca	0
UI Official/Buttons2/Input_Nintendo_B_Pressed.png	.png	UI	220	26a130c80684bb342bd564563db6ddf3b4b0858d3806b961eaa2313b0cf8bc8a	0
UI Official/Buttons2/Input_Nintendo_B_Selected.png	.png	UI	291	adb9fa7749f873e672a46bae6f1eb4f57eaedfd338bb699392bf86f69e83f59a	0
UI Official/Buttons2/Input_Nintendo_X_Normal.png	.png	UI	252	bf7b5331fbd42db5fa38c18dc67d0acfc753abed7f8f304c1a432d5050857aa6	0
UI Official/Buttons2/Input_Nintendo_X_Pressed.png	.png	UI	218	3c1011b28472319f5d7cd6d133005e5ad50455f8599c102d6df43aaefab5eb62	0
UI Official/Buttons2/Input_Nintendo_X_Selected.png	.png	UI	295	a68bb69a4254e28d7a7b06232d5a32de00aa46a81a7008122f5325a90e093ebd	0
UI Official/Buttons2/Input_Nintendo_Y_Normal.png	.png	UI	246	a634136ffc7fba5e779acf407d9900bb2127607bbdd1c24c14590a3d91cfdd31	0
UI Official/Buttons2/Input_Nintendo_Y_Pressed.png	.png	UI	211	990e353d38aaa6206084e1db54a2e6c95a8268a2802c8d081d532d4d1e1b29ed	0
UI Official/Buttons2/Input_Nintendo_Y_Selected.png	.png	UI	283	ac1cf108806863ad59b966093b373ef50e20c0e4734b59de8420a9a930e02b05	0
UI Official/Buttons2/Input_PS_Circle_Normal.png	.png	UI	277	d56b3ccf998e00bcc1bcad8f00e0041e1c86242f5ee2b5572533e8b8b7db46d0	0
UI Official/Buttons3/Input_Axis02_L_Right.png	.png	UI	202	5c9f2a32e1436084571dd738d13d2187dac50f74a20a72d62a7aabeb3c62004d	0
UI Official/Buttons3/Input_Axis02_L_Up.png	.png	UI	209	eec0ed5821edb8ae9e1cf5c0e37ff38acab4b49474c1dfc66a95e930bb7773a1	0
UI Official/Buttons3/Input_Axis02_R.png	.png	UI	192	f5c8950d7d9d759762ead5a86922f8f5d69dafcc91ac60ab2cff6264352a0ab0	0
UI Official/Buttons3/Input_Axis02_R3.png	.png	UI	218	b9986ed3290cf8c7f0dfdf512229a231b2f62f1334b6d5ebc81dd316462c8dd5	0
UI Official/Buttons3/Input_Axis02_R3_All.png	.png	UI	265	2c9840a5a4dd4c4e23c20f86c9830cf33e6a2215c1ab31c2cd23a351c9ae11a6	0
UI Official/Buttons3/Input_Axis02_R_All.png	.png	UI	257	ea763320a58f4f8f20af58100c2506407c8d7b3ea7d00b8d70fd8f9cde73e481	0
UI Official/Buttons3/Input_Axis02_R_Down.png	.png	UI	214	9b1db55ddf99547130fbbb53f5b195bb9dd5589525ab102f1fb2c928aaee0252	0
UI Official/Buttons3/Input_Axis02_R_Left.png	.png	UI	222	da37a4f01a12c07cd46b9649ba314373b47d3860bb69c0453f5016f14c756910	0
UI Official/Buttons3/Input_Axis02_R_Right.png	.png	UI	218	afa3f01278a80a2dc0d861406189bdc82f441e2c10d751f7d321de6989b0ec8c	0
UI Official/Buttons3/Input_Axis02_R_Up.png	.png	UI	212	bbf35857a96b9eb682570c82fa25151889307873b3e3c6f58ac402660d4d0bef	0
UI Official/Buttons3/Input_Axis_Down_Normal.png	.png	UI	275	31244bef014627856a99c9c731de0b806555971bf18a38fde17bd76dbc3dc3a2	0
UI Official/Buttons3/Input_Axis_Down_Pressed.png	.png	UI	272	9038e5dbf5c3ff700df823b93174d12f27de7e904df08527264a9d5763c31b58	0
UI Official/Buttons3/Input_Axis_Down_Selected.png	.png	UI	315	78c4c6bf9bdd699ef8ba8423d1cae712d3e2bccb8b7b744cf4a4de3ad21679ec	0
UI Official/Buttons3/Input_Axis_L3Down_Normal.png	.png	UI	306	b53039db1f132ba115821a8756eaf633aba8845f0610a975bf307236154a3efa	0
UI Official/Buttons3/Input_Axis_L3Down_Pressed.png	.png	UI	304	a1c41793e6e99e9376f64d1b5c318bad6040db63a6094a73d4d08f9e51ebaaa1	0
UI Official/Buttons3/Input_Axis_L3Down_Selected.png	.png	UI	359	cb678e583172ab1dcae6c3788d4df36f4cdddd18d7ab60e4343ec101a44d376e	0
UI Official/Buttons3/Input_Axis_L3Left_Normal.png	.png	UI	282	631ddee3aa8364cfe512ad168101776fd2d64d31406e2d2b569b0426b3a17a0a	0
UI Official/Buttons3/Input_Axis_L3Left_Pressed.png	.png	UI	300	245d269b433eb04d9d2a872f53098b1c4b36ee2da548641e1e2b60b136cfa4c8	0
UI Official/Buttons3/Input_Axis_L3Left_Selected.png	.png	UI	325	4849e9ceaa5f84d061c034d430e2f73ba5279e157e1d8964cbe3ec06efa3538d	0
UI Official/Buttons3/Input_Axis_L3Right_Normal.png	.png	UI	277	9d18cad7c023729a897164a16ff74cdf46275595a2cc273401288321ff4b3a65	0
UI Official/Buttons3/Input_Axis_L3Right_Pressed.png	.png	UI	291	a20d416e81ba8603e8dc5b0e182ecd6e892822d09c3acb93b07c838ef66fe39d	0
UI Official/Buttons3/Input_Axis_L3Right_Selected.png	.png	UI	325	886375950f161e6704c162dfc05f982b8c563f430be42d27b10fa316a4508857	0
UI Official/Buttons3/Input_Axis_L3Up_Normal.png	.png	UI	296	08ff56378d19e278cb89921c86686128651cc15c553a5acd3f0c39f080d941c0	0
UI Official/Buttons3/Input_Axis_L3Up_Pressed.png	.png	UI	290	5c8d21b479b2007649eafbfb188694e30cf5191c0dbd225efccde10aee35b958	0
UI Official/Buttons3/Input_Axis_L3Up_Selected.png	.png	UI	348	4addd7f99947273ca163ff64c6cfa95c06320e8be87b22cc6e7f2934ee3e871c	0
UI Official/Buttons3/Input_Axis_L3_Normal.png	.png	UI	272	2550a1b80e0d3d2018520dbc326f5cba41818e55eb39d13de9c4ec60492457b0	0
UI Official/Buttons3/Input_Axis_L3_Pressed.png	.png	UI	318	21bf6efe38f2a8dab8a3bb92a96a5eb2645c087289fe30c0dc61c15c7d91c640	0
UI Official/Buttons3/Input_Axis_L3_Selected.png	.png	UI	323	ae95659e76f8e274639e618839e7820b12f06cd73f21ad86fe45b5e51177874f	0
UI Official/Buttons3/Input_Axis_LDown_Normal.png	.png	UI	304	21aae8dc9f4b0b826b69a83d2722be503021c03fd34140289f45eae4b81b2d44	0
UI Official/Buttons3/Input_Axis_LDown_Pressed.png	.png	UI	307	ed1efe8d67dd0db86e300d98926c79a19cde16e5a193405304ee2a454185c1bc	0
UI Official/Buttons3/Input_Axis_LDown_Selected.png	.png	UI	351	69aadf93d41c1888485bf19c4aed6a575f9dad87ff7e7de329c235eb9e731860	0
UI Official/Buttons3/Input_Axis_LLeft_Normal.png	.png	UI	284	af09621f7c0bce6932e6ce840c29a9700eda00f54e1113f1cb26b792c373f513	0
UI Official/Buttons3/Input_Axis_LLeft_Pressed.png	.png	UI	294	154430c36f28e005d735c4d2dcd543ff80cb3a131be0dcce23e9447759892dc2	0
UI Official/Buttons3/Input_Axis_LLeft_Selected.png	.png	UI	335	2502feab92b8006343f262c10d709ea38527e1a0e6f4a579c8794c61d3708465	0
UI Official/Buttons3/Input_Axis_LRight_Normal.png	.png	UI	283	78b986b2c8d539c6e16bb1ca49bb93cf33bfbb581960e5475705ba7d36fbc1ac	0
UI Official/Buttons3/Input_Axis_LRight_Pressed.png	.png	UI	287	9dc366a02151e1647a0810fa85e9a3644f24d431b40978fa1561eef8d044a2a7	0
UI Official/Buttons3/Input_Axis_LRight_Selected.png	.png	UI	322	0849b6a9b5de90c2d80227dcdbf5c70ef3d82007cdb9a2f01be70cb10e1d1573	0
UI Official/Buttons3/Input_Axis_LUp_Normal.png	.png	UI	290	b63b25593f6e3fbd37a0be89e4d6d5004206badd7e1fbb7ec85d5a552fb7de33	0
UI Official/Buttons3/Input_Axis_LUp_Pressed.png	.png	UI	293	1b7da4206bb7398755a7805486f94b74e78296d86b1a11e829d8ef9aa3e89b5a	0
UI Official/Buttons3/Input_Axis_LUp_Selected.png	.png	UI	337	09eeb946c2f39ed079d1691ae9edf35041a059c7c6ca752e4d19563d8ed46e67	0
UI Official/Buttons3/Input_Axis_L_Normal.png	.png	UI	269	20ff677dd48add37c9cc978012a25728c0da6d3f619567fc7d81f6104425ebf0	0
UI Official/Buttons3/Input_Axis_L_Pressed.png	.png	UI	322	969196a6f1da4226fa8d1b89f267abe408b1894813ce6d3efa032df7b3118615	0
UI Official/Buttons3/Input_Axis_L_Selected.png	.png	UI	313	9c3b6c07ea1cf22513563d5c647938390bb1fe7b0f2b3dc54aba9ee7d45622ca	0
UI Official/Buttons3/Input_Axis_Left_Normal.png	.png	UI	275	fd77a21a05e2c3bb7edd3098542a7534a286f9785025314c9c6490da7952b0d5	0
UI Official/Buttons3/Input_Axis_Left_Pressed.png	.png	UI	287	821b3a53b57b655c5e6aaf819a5f9f21f1dcd9bf226c55237553d8315f116195	0
UI Official/Buttons3/Input_Axis_Left_Selected.png	.png	UI	318	73faac13750027d9531dd41ed8db2cef4e0fa1eb4171ca05b0e33961d10400ae	0
UI Official/Buttons3/Input_Axis_Normal.png	.png	UI	238	80b59e45263f8aefd2b360865a56227b686918a72f1af093a59bbe993cda2934	0
UI Official/Buttons3/Input_Axis_Pressed.png	.png	UI	287	a60b686062eb02ba8426a2b390fcd3148095bb402378bb6ebeb8851980e9a3ec	0
UI Official/Buttons3/Input_Axis_R3Down_Normal.png	.png	UI	326	c4134a73d1970ce63e82273fe4c1eb515a3a8a90d5c7082d7d50effd893f3db3	0
UI Official/Buttons3/Input_Axis_R3Down_Pressed.png	.png	UI	331	7283cc071512bb04805df7a3b78f847bc78466399433fa0ddc3ce458ad1f24aa	0
UI Official/Buttons3/Input_Axis_R3Down_Selected.png	.png	UI	373	b434061b70918329e81d813f7317d5053f64c2f6933e82f31bab0a05e0462641	0
UI Official/Buttons3/Input_Axis_R3Left_Normal.png	.png	UI	287	8964e3e9be710339d7fe6d78389a007e8a3715011909a0ada7ec2253c77070b7	0
UI Official/Buttons3/Input_Axis_R3Left_Pressed.png	.png	UI	301	c912eb873733ff8d591f1f72144e665137518fba074e1e9cfe60227ad4ffe00a	0
UI Official/Buttons3/Input_Axis_R3Left_Selected.png	.png	UI	332	dca04c1d031d472ae638c5c406a49b2d69a988e30e2db2586f5d78b8119dcb34	0
UI Official/Buttons3/Input_Axis_R3Right_Normal.png	.png	UI	295	afce4ff17c6db53b4e836debf227e9f12f962d57fd18d0e053fc5aac95a59949	0
UI Official/Buttons3/Input_Axis_R3Right_Pressed.png	.png	UI	315	1bb13319d308fd733e0cfa397b7e77b8c4c8e614f90c251e6c1447066d85cf86	0
UI Official/Buttons3/Input_Axis_R3Right_Selected.png	.png	UI	336	85b065446238f40046b815f251fec2dc1853eb48cdb63671d0e72e113a76ce0d	0
UI Official/Buttons3/Input_Axis_R3Up_Normal.png	.png	UI	309	9f84fea5211ef5fbd2f8150ee75b255f14aa36a34b25b16e17709511dd4851fe	0
UI Official/Buttons3/Input_Axis_R3Up_Pressed.png	.png	UI	305	d3d21df48b8feea72b99e24e17ab753d0f10e23feed5179ccb5ddedbbc930d50	0
UI Official/Buttons3/Input_Axis_R3Up_Selected.png	.png	UI	357	ef3d8e0054e8ebc4112a42a000df55330af2960cad78334d293e768b5d73f720	0
UI Official/Buttons3/Input_Axis_R3_Normal.png	.png	UI	296	946a8b21bf65394112e0d05e9666963d42d6e41a0b883ed5b0daed79de86795a	0
UI Official/Buttons3/Input_Axis_R3_Pressed.png	.png	UI	340	671b9c440a62380c6c3c6e6bd466146aacb645290515ffa3d74ba733faa8c281	0
UI Official/Buttons3/Input_Axis_R3_Selected.png	.png	UI	347	1da0a19294b5eea88f871888ec5bb484f7a4f68a74d7102f38f88ebec1327172	0
UI Official/Buttons3/Input_Axis_RDown_Normal.png	.png	UI	315	431b1be8c66d0cebe9458546cfa4cf6464eedf48a6dbbf983054eb3e292f539e	0
UI Official/Buttons3/Input_Axis_RDown_Pressed.png	.png	UI	311	12dbb538ba1a812ffe11a5134f68625c17176cdc2d6bcf8f2a2bd5485117b920	0
UI Official/Buttons3/Input_Axis_RDown_Selected.png	.png	UI	351	8de9ff05c78815cf36da8a8ba4ad33e3238dfd3010fb02b1f204b37fc0c5d2b1	0
UI Official/Buttons3/Input_Axis_RLeft_Normal.png	.png	UI	291	373f8ceeeb507e1e853b51d86397133e1df788ecd3fd6b9e4de102f55189e851	0
UI Official/Buttons3/Input_Axis_RLeft_Pressed.png	.png	UI	292	230887b83838a55d7fee89e1fdc14961aa891bd808b6ad4cb753a705ddaf4ed0	0
UI Official/Buttons3/Input_Axis_RLeft_Selected.png	.png	UI	334	12105a6457f5fdf416cf6b2ae2d7eb8ecd27dafd8d8b49ffd87207dd356d3cf9	0
UI Official/Buttons3/Input_Axis_RRight_Normal.png	.png	UI	284	4051e67339f66b1b3c896e9fd32c29ce0b74e1b086205cf84285bcf8bf190100	0
UI Official/Buttons3/Input_Axis_RRight_Pressed.png	.png	UI	291	0728bb3ad71b8e68f8e1927da55be6f4a89d156fbac1eb5a794c95e6ad1d4408	0
UI Official/Buttons3/Input_Axis_RRight_Selected.png	.png	UI	327	ea8b21dfb9e6e4ae758816b371a20140713611cd496219b925e626663d98f798	0
UI Official/Buttons3/Input_Axis_RUp_Normal.png	.png	UI	301	a250e6e9edb73fe0c751e27fb48d2aaf1af3e8247f10ed61f119b40c180a5217	0
UI Official/Buttons3/Input_Axis_RUp_Pressed.png	.png	UI	308	0c50ed55104d6ffa55a5d5bcb833dafa7ad74beea09ebc942f4eb3ae54420fb0	0
UI Official/Buttons3/Input_Axis_RUp_Selected.png	.png	UI	348	94f842b1659b3376a6fa7572c8cca91d85b7ac235fb0d7d36dea3fde70e3d8de	0
UI Official/Buttons3/Input_Axis_R_Normal.png	.png	UI	282	1cc14cfe1d976c091213ae90c601ba77aa87e355fcb69c8f87b3d94a8f26d59b	0
UI Official/Buttons3/Input_Axis_R_Pressed.png	.png	UI	328	2daed9bcade7aba6857a43f368bd926c6dbe732d9093efbff613eb6121b4ec7c	0
UI Official/Buttons3/Input_Axis_R_Selected.png	.png	UI	324	87723604253fc5db3ec7a336ce40a5798ecac6531330eeb730fa54e3af782da1	0
UI Official/Buttons3/Input_Axis_Right_Normal.png	.png	UI	271	dc300f0299b02d3c3f612152b502cd9b52aa143515fdddb280fa30e8c140e51b	0
UI Official/Buttons3/Input_Axis_Right_Pressed.png	.png	UI	280	1912c0685b32cd6b73172988d704eef285acc3e1b3c546dd1676c5e21a2b6964	0
UI Official/Buttons3/Input_Axis_Right_Selected.png	.png	UI	310	56aee888df58a00963fc0f03f9e0e621c12deff6166579fd183fadbfd59f63f6	0
UI Official/Buttons3/Input_Axis_Selected.png	.png	UI	274	7487a44c9a20037135632a8365a0fe8a3b4c976becf00f3ba445dd354887eec9	0
UI Official/Buttons3/Input_Axis_Up_Normal.png	.png	UI	272	de9e3c4d18803d03fee3214a5fbec32854f84be8ef83416253bbbdbfa8b656b0	0
UI Official/Buttons3/Input_Axis_Up_Pressed.png	.png	UI	278	264d0479045caca1637942760a36f763a241ad32b0c9265a26f27f6b9f6092c8	0
UI Official/Buttons3/Input_Axis_Up_Selected.png	.png	UI	317	a1beab3d5215780e85e47db8a90bdc2840df38f9399a85a73a9dc713e2f45480	0
UI Official/Checkboxes/Checkbox_01A_Bullet.png	.png	UI	166	8cc1770c5f366bf6cfc18917e63b7a86a0b479d1ddcc6c634250ca1efbddc428	0
UI Official/Checkboxes/Checkbox_01A_Off.png	.png	UI	230	c74cd08998673a0284e33f5d0d19ce3bfeed844963f7e0ed0e7f033b82034231	0
UI Official/Checkboxes/Checkbox_01A_On.png	.png	UI	316	8106f0cb0ed6d29a904d014725c32ae3c0e885ecca59faf91694e8300641ae40	0
UI Official/Checkboxes/Checkbox_01B_Bullet.png	.png	UI	122	516b68c8b256c94f3703b034d632fd885f7649b3c306240cfe1da4ca292f108c	0
UI Official/Checkboxes/Checkbox_01B_Off.png	.png	UI	207	bccd12e613c330d087d6a46f41696e2a7db57db4718cd08b1282d1a6d1eca66c	0
UI Official/Checkboxes/Checkbox_01B_On.png	.png	UI	212	578a881b6424ad6198ebff778b949c4b23b7e87e781f34267acbb3b4f6bedde5	0
UI Official/Checkboxes/Checkbox_02A_Bullet.png	.png	UI	160	363248333c2f85976da0b05c67e74b3aec0692f863731552f9757a1a4ea2d108	0
UI Official/Checkboxes/Checkbox_02A_Off.png	.png	UI	236	cc166f2d48e33258481c0360ae0fc5664548e7cf4db230e74698800d377f1238	0
UI Official/Checkboxes/Checkbox_02A_On.png	.png	UI	312	29d703acb57487b22710f9245cbaa8c718b985e1bc84812758887fbf990b0ab7	0
UI Official/Checkboxes/Checkbox_02B_Bullet.png	.png	UI	121	420729ac5ebd856bcebb8a9c3ee1ecd2359c3b79b3db4d71f84cf782307117a7	0
UI Official/Checkboxes/Checkbox_02B_Off.png	.png	UI	192	2562c15b3742f8ea049b593090cdfe64a912b859887375d6813532302d12747d	0
UI Official/Checkboxes/Checkbox_02B_On.png	.png	UI	223	6d7c6f76be3b8dafa8733c11f9911d443b8404eb1729009006a9f18298b561cc	0
UI Official/Checkboxes/Checkbox_03A_Bullet.png	.png	UI	164	2f2dd51b25af8249b5857ba7f96f92cea203b5ac9b86480b7562655aa26ef101	0
UI Official/Checkboxes/Checkbox_03A_Off.png	.png	UI	237	2818ec30c95cccf464e6432080b79b6f3cf6d8dfbce89708ea35a7337e04b41f	0
UI Official/Checkboxes/Checkbox_03A_On.png	.png	UI	323	e53618b0852d8a141bc78d615f480c9e858b6a7eba96dc43a71e655b516ac203	0
UI Official/Checkboxes/Checkbox_03B_Bullet.png	.png	UI	128	087e94ca696c1441d37429247909f7fe827e381750bca1b294f85d3297c05b94	0
UI Official/Checkboxes/Checkbox_03B_Off.png	.png	UI	192	5c3c7144c14c662b8f502551087010d3f3bc70c8aaf32087a7a508c72f8fd20c	0
UI Official/Checkboxes/Checkbox_03B_On.png	.png	UI	205	af66218a1e53eab970abcc770cea45ba86862da2e4ed53e350f9329458d2e0c2	0
UI Official/Cursors/Command_Attack.png	.png	Cursor	283	9976c1087217d485e7034d5488989fe46dd1a9ffbb25e727338d9b70ec92bdce	0
UI Official/Cursors/Command_Dialog.png	.png	Cursor	220	83cce4f164aa6d26102747d9fa29c0b2fed3ba97665ad35abbd6dd75fe70315f	0
UI Official/Cursors/Command_Inspect.png	.png	Cursor	246	bb8e351f551a11c2cd6cbdd1b89e1336f55be7b1d5fabce8181006dc850bccde	0
UI Official/Cursors/Command_Message.png	.png	Cursor	263	b77c0e22d741d3ce93283413506c09db844140855681c42e1109c07f7a87d593	0
UI Official/Cursors/Command_Move.png	.png	Cursor	302	9ae560bcd403e12b4468f23133dd2c9a305e72d30fcd5e7fdf603ed11b27e2c9	0
UI Official/Cursors/Command_Settings.png	.png	Cursor	330	5e84a5e20d4a9412de8a59c95f412931b0001cb5d8181c58bbba64d886efef41	0
UI Official/Cursors/Command_Spell.png	.png	Cursor	329	6d0408edf158f95178cc836a274b6962101b4c45a67dea6a1b44bc57a5ef82a7	0
UI Official/Cursors/Command_Trade.png	.png	Cursor	303	9fdd8d6eec5c6020992691373974175b82d5f8d60b5ed752eaedf9e3414d0dd5	0
UI Official/Cursors/Cursor01.png	.png	Cursor	173	0f5026fc99c0ab2827762aea80ace24024d32bc94be5098e726964d3d13a8267	0
UI Official/Cursors/Cursor02.png	.png	Cursor	173	d3c7c2a8b6de1618518305c20e55634223e0e14cbfbb34253c070dc934d7a07e	0
UI Official/Cursors/Cursor03.png	.png	Cursor	177	422a6cc0b54db2a85d430297c93cb75ba0392dacc4568bc08f8e49495c2b3d57	0
UI Official/Cursors/Gauntlet.png	.png	Cursor	278	117789bf522ed74d18e02266abb0b770177708c1a52fbd29b163c05db0a5dcdb	0
UI Official/Cursors/Gauntlet_Magic.png	.png	Cursor	378	a454dac0c04997c465c0843e4eefaeafef202e13ca54f00e5191be8a57b687a7	0
UI Official/Cursors/Hand01_Down.png	.png	Cursor	191	a1e9f16b8c3c656b9d44dfc8eee7f538c9ce5b051d919e7b8b7c11e96de990d8	0
UI Official/Cursors/Hand01_Left.png	.png	Cursor	202	36e32f41e14ab95ca77b11dd73d67004822eb230270da4c485e1e89eb351dbfc	0
UI Official/Cursors/Hand01_Right.png	.png	Cursor	186	c43e7ef491ebd442b20c65101221d30c0a9047f9659802fecd382bca3434eea3	0
UI Official/Cursors/Hand01_Up.png	.png	Cursor	178	506ae3fa093c49912b6420942d5045e2b64df4f68a8166d2056aaaab8e9b7a86	0
UI Official/Cursors/Hand02_Down.png	.png	Cursor	186	7b5469deeaa66db47ecdec93148d177ba7b36cb1ac9eaee8dfd1619b994220ce	0
UI Official/Cursors/Hand02_Left.png	.png	Cursor	190	c0ee8a14aa2d54c4a44d8d7699521a7a302cb309c1939e650b6e3cc565707d10	0
UI Official/Cursors/Hand02_Right.png	.png	Cursor	177	0c7d0d2578ab67ba1abfd25a3326451b3e73ae1f87a336fbf18d2beafca1eb5c	0
UI Official/Cursors/Hand02_Up.png	.png	Cursor	179	aaa219b567f3b965fb7e3d145e61466ec85149adf94b7601a1ba27aab70b085b	0
UI Official/Cursors/Hand03_Down.png	.png	Cursor	191	a368741b250b21547e238aeb658eea3ef9976dc58296f12739199b8af63f4037	0
UI Official/Cursors/Hand03_Left.png	.png	Cursor	197	66484f37dc6fdac34d723f0eb7be51dfd9d7aa50a392181eb06a63c8fb6156a7	0
UI Official/Cursors/Hand03_Right.png	.png	Cursor	180	8ad73f0d97f7be874930482bbeea4a4fb10ba879238a406fdcc8cdb29a9d72c7	0
UI Official/Cursors/Hand03_Up.png	.png	Cursor	178	8e30f617ac024edcbf722b57a334756803855331983d57fe6464748c6d4a2172	0
UI Official/Cursors/Orc.png	.png	Cursor	285	2d0d58ad9e1868d57224476dd367ced9d61648ab63988b5798ed88715200cf44	0
UI Official/Cursors/Orc_Magic.png	.png	Cursor	357	b6a00e3c9545c75358861f23e66b067a709b12c87cfe8c67150eaa986d831015	0
UI Official/Cursors/Tick01_Down.png	.png	Cursor	145	95e0ba7c3e8ba7298bb7a2b3636476fd420f4cfd7dd1982fdc853d2714264da1	0
UI Official/Cursors/Tick01_Left.png	.png	Cursor	147	fb8ef1a1bffa21eede712430c56d1868a060fd1813d2ca02e0804eb24d66bb13	0
UI Official/Cursors/Tick01_Right.png	.png	Cursor	148	39f708130bc9e9a98eb660a72cec64a854c5190b70efdae31b76eabc4bc47313	0
UI Official/Cursors/Tick01_Up.png	.png	Cursor	140	39db16220d0221c7ab09a81f40e9efc04786f1a77d158061ea5379c17cab400e	0
UI Official/Cursors/Tick02_Down.png	.png	Cursor	145	de9187184c4c57dcd8f522c29439ac76c46438bb6d53755dc35ba369aa91b0cc	0
UI Official/Cursors/Tick02_Left.png	.png	Cursor	144	d118feb8adf0fa4d55c462780696fff3b89ab4353e690322e547bbe6ad8e75f9	0
UI Official/Cursors/Tick02_Right.png	.png	Cursor	154	5c7e46422bd240f492314bed556601fc8027660b979682003f02907a14eab732	0
UI Official/Cursors/Tick02_Up.png	.png	Cursor	126	9f5ce8de108de1c58d0d3de2f3ff6f92b67a19353299dc2dbf71368091057395	0
UI Official/Cursors/Tick03_Down.png	.png	Cursor	147	540f7372bb621e7f80260f9d5b96424ce6e6b60702de99128c7f9733ddb95169	0
UI Official/Cursors/Tick03_Left.png	.png	Cursor	148	cca766837d43ce80a9870cd4f3cd01dc7b7225ca75cb6716c9848282ffbf0988	0
UI Official/Cursors/Tick03_Right.png	.png	Cursor	158	fa8f293b8eed45786265d5613b431f82f9c38868e348731e7bc92aff65c155c4	0
UI Official/Cursors/Tick03_Up.png	.png	Cursor	144	c33b8967c8570dcf88bea9ca15a14aa1b1efbf5767eb39742b5abfed3e54de8d	0
UI Official/Dividers/Divider_01.png	.png	UI	177	903f75ea9532843bdb886d7d4ac9e1f6e36827bd2d015ad12e0e53512efdf28d	0
UI Official/Dividers/Divider_02.png	.png	UI	125	88462810fe3cb239f4c55e0363d3e9bb12aeec3f4af7756c13cdbed8dde0ae33	0
UI Official/Dividers/Divider_03.png	.png	UI	125	a23c7036a1aaa6054822956b1ca97a1a5ef9d174777deb662c29639546bcbb5c	0
UI Official/Dividers/Divider_04.png	.png	UI	125	a69c6784db05be8aedead3a268af4f86935f9787a5d3ae7daddf326d05db7f8c	0
UI Official/Dividers/Divider_05.png	.png	UI	154	ec95ed8b08e6cc61bd8630a530ed277766a02f80efe0f56e72ce4067f5c4c994	0
UI Official/Dividers/Divider_06.png	.png	UI	211	ca55d85ecf3db8d7150f31c9812aa7957ec257af278539d653843af34808273e	0
UI Official/Dividers/Divider_07.png	.png	UI	157	5e21932d5ded87790c5683d3fffbb32e7309cf05d1a68c9fc7267548b50c7af5	0
UI Official/Dividers/Divider_08.png	.png	UI	168	f504477c578e8e3f97e9d8f1e34d54d380fe28e9b7a608ad4c478209fd24634e	0
UI Official/Dividers/Divider_09.png	.png	UI	168	fed8b1853b603ecdb9cff002c01822912bafc527ce00be349d905577fc2a6918	0
UI Official/Dividers/Divider_10.png	.png	UI	161	8b12a366b817bf03f9f2cffcb570c8ae89161168ceda72a76b8d2bddf82cb4b3	0
UI Official/Dividers/Divider_11.png	.png	UI	131	9a28f3ea8bfec6cbca5fc8e41b867f5fd4d31a68dd78d942d354dba3a90aaa79	0
UI Official/Fonts/FontText_Brown.png	.png	Fonts	1301	06611c3e82e9ffedfdc57785870c1ba83601ab180211febcce987a14247ffccb	0
UI Official/Fonts/FontText_Gold.png	.png	Fonts	1297	560aa25498e7413887a7423a6198f272fd5f7511595368b4c74cd0c846c77957	0
UI Official/Fonts/FontText_Red.png	.png	Fonts	1302	b53b1501bda3b5d6b0a2c43891ef57a17eb488be6a370671a158b227a280bcfe	0
UI Official/Fonts/FontText_White.png	.png	Fonts	1298	3ef991799b2f8fc803a4cea8b910bc7a60ab6b4a9817fc18dcd870f9ca5fa6ad	0
UI Official/Fonts/FontTitle_Brown.png	.png	Fonts	2208	5fad125fdd624ce97503c638e5db4a716ff78719701ad30f254d906e271bb2ef	0
UI Official/Fonts/FontTitle_Gold.png	.png	Fonts	2259	ec9b510646d9e5dfa454a204ada18445bb8a3c1542228b51e54afbfa4dbc9382	0
UI Official/Fonts/FontTitle_Red.png	.png	Fonts	2227	28aadeb26895ab906698c4e3070a656b8bf705eb5acd3a436a4dce6b4cbbb2f4	0
UI Official/Fonts/FontTitle_White.png	.png	Fonts	2199	4c3120f2c8c02b0a46e6f71f1468b5a0e6bb1eba6e10a4a50bbac264e766bb19	0
UI Official/Item slots/Slot_01_Armor.png	.png	UI	287	a944e2ac3074124ddf94d45a7865432d4e88116a39fd30093be2b1e0c23f96ec	0
UI Official/Item slots/Slot_01_Consumable.png	.png	UI	267	38468d48a59b87d47a07ca8b04c9bb556dad01b73d90f4728d7b169dfba101a8	0
UI Official/Item slots/Slot_01_Empty.png	.png	UI	149	3c35717895ce99c31e6ff6722a95300e197f7a15b8a5f19df8aee34531f74932	0
UI Official/Item slots/Slot_01_Footwear.png	.png	UI	253	df05570f8e81c22a26768b0899fc67a713c468cbd3695b88fa275b1ee9556dfb	0
UI Official/Item slots/Slot_01_Gloves.png	.png	UI	286	20a6165640482071f827642689c1912b7e5fe9a75a385ff3f3129189a8a34565	0
UI Official/Item slots/Slot_01_Headgear.png	.png	UI	248	122a70146d9ea51fa3ac1e1f498f7c1f03a79a37749d2f672bd429daa5cd235c	0
UI Official/Item slots/Slot_01_Necklace.png	.png	UI	303	9d54899d3bc0dec8d6adfad1babd2718276f716d2c059328b5ddc85b3f30cdcf	0
UI Official/Item slots/Slot_01_Potion.png	.png	UI	260	dd2774d082228c5a7d781508a5b0feb7c7148c5eb78491f2e326deabdf5c1eed	0
UI Official/Item slots/Slot_01_Ring.png	.png	UI	273	839b202ed4a1c9afc73aab645500e97daa602889b4c5f3b85dcdf8efd39b1267	0
UI Official/Item slots/Slot_01_Shield.png	.png	UI	218	4fd4ad4b68b19d4b78aecd4fe42a707ee01fc49ce0aa28d462b92a2d4c0b1406	0
UI Official/Item slots/Slot_01_Weapon.png	.png	UI	263	778ae2f200034a72f32d61880a84d7411a210073230af9a79f27d1651308d1fa	0
UI Official/Item slots/Slot_02_Armor.png	.png	UI	291	d574923d4789b93672b8780d3a155794a1c3a80d70ec00fd1223a7128fda0a3f	0
UI Official/Item slots/Slot_02_Consumable.png	.png	UI	279	53023a48caa21b39ef30b5a5798578d21240a97493936fc263580fe205fcb712	0
UI Official/Item slots/Slot_02_Empty.png	.png	UI	149	b1bd4dd7a52a4375db938c61ec5edc394ece6693152b6b19c8b441154adce7e4	0
UI Official/Item slots/Slot_02_Footwear.png	.png	UI	255	a9f2ac89847e9db9098413dac4c885d27d0f9300df063b0ae397103cb22ae2e9	0
UI Official/Item slots/Slot_02_Gloves.png	.png	UI	290	c6cd2a90d1f5c1cd26b7a92e26af828125ad185732d1da193c76cfa222479099	0
UI Official/Item slots/Slot_02_Headgear.png	.png	UI	251	7e8c26b8d93358482631f8d5c21aad9489eb1ebc7d35b3000ce6a4a8c6117821	0
UI Official/Item slots/Slot_02_Necklace.png	.png	UI	304	822daa3e52a94d2c11d5d0f9ce26de9b2a6e0164f36418e32a0feeacefb776f7	0
UI Official/Item slots/Slot_02_Potion.png	.png	UI	263	d1df1111835874ed0368f336ac88f1d7a0b0185844c3538be0a9708946050e2d	0
UI Official/Item slots/Slot_02_Ring.png	.png	UI	278	6c8486a12af42ce4ededacbefa523405fce9318720213f5dafa7350697445471	0
UI Official/Item slots/Slot_02_Shield.png	.png	UI	223	80445b506712230e27b3a14c5b90ca0202daaec68095ef6a6df421a49240953c	0
UI Official/Item slots/Slot_02_Weapon.png	.png	UI	267	d8661555aa10f9c20bbb5bdf4e481d4bcacea72cf9060842687a66818f55084f	0
UI Official/Item slots/Slot_03_Armor.png	.png	UI	278	da76ef702047e5912e107e58408394728a04b3b5cba253582bb7c6c0999e1f7f	0
UI Official/Item slots/Slot_03_Consumable.png	.png	UI	259	1e476002c3739928e117842e563ebca219603514a97b0aa21027f24933c4c248	0
UI Official/Item slots/Slot_03_Empty.png	.png	UI	145	c5315c4927e40a5122f48f2e84f7e83f68675cbd23b5f74c7ae908ea6fb30448	0
UI Official/Item slots/Slot_03_Footwear.png	.png	UI	249	d997d96523c225403bfd56a16ff935c637529a8d2db53d9a17f328af7f06a661	0
UI Official/Item slots/Slot_03_Gloves.png	.png	UI	282	48e4ef5d571cf737bcc897299b7545d1a95c21399616025816c0eba3fbb87a7a	0
UI Official/Item slots/Slot_03_Headgear.png	.png	UI	242	a7dd2327743a2bf529ef3edb9c490d7044f28e7b80557a793e09733d8b4ad563	0
UI Official/Item slots/Slot_03_Necklace.png	.png	UI	292	eed56e896f132c75c9f8ee46317737ec3344cd64c5f3ea08825f56fb5b35f4a6	0
UI Official/Item slots/Slot_03_Potion.png	.png	UI	252	1b58e5205dd850fbc413452090ae7af80eb06157105b65df6a703e03dfcc842b	0
UI Official/Item slots/Slot_03_Ring.png	.png	UI	266	ab3f0be8ff4eba5ee7706c52911bd3fed68c18b49b6db0cace61bac95e157484	0
UI Official/Item slots/Slot_03_Shield.png	.png	UI	214	3bd12ecd32f36c35dc991214367e63fadcceabf047af7bc582c90ebdf586c54f	0
UI Official/Item slots/Slot_03_Weapon.png	.png	UI	255	474c8761a9cb1964b78b01dfbb7e23045d6b2decd219343831c385c1a44ca5fa	0
UI Official/Mini icons/Icon_01.png	.png	UI	165	a2fb7618792bfae9a768117df91322f16c7f863d988f3a5a6bce21ca22e27372	0
UI Official/Mini icons/Icon_01_Outline.png	.png	UI	211	02374371f01322cae0cc326df75b4c98feb5e98b57c2d6bcd7ae17e00addb6a3	0
UI Official/Mini icons/Icon_01_Selected.png	.png	UI	209	8d73e74ca3c16be4ec8e95fc642d5ba18a54352a17a5e6cba0477e209c280b67	0
UI Official/Mini icons/Icon_02.png	.png	UI	141	a4e89f9e0e93895cdb439e9fd5014145914ddc391c50bd62d5017303fc25e9a8	0
UI Official/Mini icons/Icon_02_Outline.png	.png	UI	177	b38e1bda745b06cb7f357181062b575d404a63eedb5d781cefb12ed8f5796959	0
UI Official/Mini icons/Icon_02_Selected.png	.png	UI	186	8ae220be778b1df2b46d198e6080a4641b4c68f8d03cc2f1d0f0584de18dba00	0
UI Official/Mini icons/Icon_03.png	.png	UI	161	6f8052431311c492bb4179c25597f69ff7b1cb5d7def291cead36a64c02f81d1	0
UI Official/Mini icons/Icon_03_Outline.png	.png	UI	183	fbb72207346d3e0e3bc4c8d1dc17002457216273894bbfafaf189d97a14d8880	0
UI Official/Mini icons/Icon_03_Selected.png	.png	UI	195	0a8b1650ebfe4acce595365d51f1a76f51c1fdd4767c895d31045e6d2130e36d	0
UI Official/Mini icons/Icon_04.png	.png	UI	136	fd3201996fd5d341a284a42886aceaabc8e149fe184a5fa39dd83a488b1b238d	0
UI Official/Mini icons/Icon_04_Outline.png	.png	UI	164	648b5e0c73954c8e2577337d3b5fcc969b9d884bd43796b14a9143cf3e99205b	0
UI Official/Mini icons/Icon_04_Selected.png	.png	UI	163	b3d374acc669b81a5c6d2f370408b6752899c1cad8e7bfcaa9979fccff31071f	0
UI Official/Mini icons/Icon_05.png	.png	UI	176	28a1249b6c54faecbc4493a91f0629ac073efca28d048ba41603bf84a115d0f7	0
UI Official/Mini icons/Icon_05_Outline.png	.png	UI	196	c22d22eb5f9d43b720d3e623ba4bec72392b429650159f0e607456df13679d5e	0
UI Official/Mini icons/Icon_05_Selected.png	.png	UI	210	b34d24413f6950070e0e64857558014ef113fd9ca78cff82f76482953cac180b	0
UI Official/Mini icons/Icon_06.png	.png	UI	199	90ce9f1c1520c88fd60eb85af6598433e6886aed3ba33971f60039272c29e6b3	0
UI Official/Mini icons/Icon_06_Outline.png	.png	UI	234	210bc5ee0ff86fa76039e888b14b7558cde77a88f4d9fcf04db390a6f9a1b975	0
UI Official/Mini icons/Icon_06_Selected.png	.png	UI	227	74f56d8058adab029f1ccc7190f07ff7e064e6487130a5a53b18b23e4cb7124c	0
UI Official/Mini icons/Icon_07.png	.png	UI	141	1e4e74779563dd016f85c8b2e893cff30b81aed172eccef18eb839344c30cb42	0
UI Official/Mini icons/Icon_07_Outline.png	.png	UI	169	3749a9bab8dc8cfc208beaf5750f83c8e244c097757c389d43fdba2ed9225cea	0
UI Official/Mini icons/Icon_07_Selected.png	.png	UI	177	76b21b59294888bc1f3a602d96b56261603164bfd803acb14572729d6306a9d1	0
UI Official/Mini icons/Icon_08.png	.png	UI	152	9992677e0f0b1591e748096248517ef54845ef17b0b8cedabb3d0ece54663954	0
UI Official/Mini icons/Icon_08_Outline.png	.png	UI	198	c8eb999cd4cff41c8f76b6ac34e6538d932635eba68f48f20ce11322dca7770d	0
UI Official/Mini icons/Icon_08_Selected.png	.png	UI	190	a7194abc3007323ec1a7704df2711401fbb328fa2a338445f989a365e5b0c7a3	0
UI Official/Mini icons/Icon_09.png	.png	UI	189	0002a364687db15c5ef0aee686b597798be6ac41c7f56315cea1bbeed26afc61	0
UI Official/Mini icons/Icon_09_Outline.png	.png	UI	227	e762674ae59c3eb41cba1bddefbd4fb738b060ff39c3133ad1bef25e28ac9f75	0
UI Official/Mini icons/Icon_09_Selected.png	.png	UI	216	a89fd5a94e7c4376d5097057c68222d601b108715a584e94316c5140acd7ca57	0
UI Official/Mini icons/Icon_10.png	.png	UI	198	b3faaa36d9a13f5c07bb5f9bdbdeaac85ff0e9e799e7c7b5936a9a10eaa26567	0
UI Official/Mini icons/Icon_10_Outline.png	.png	UI	235	19bed663df12299ad8c7166a8c8e04b1b46be955d36d20f4fec094359f5c913d	0
UI Official/Mini icons/Icon_10_Selected.png	.png	UI	226	d8bae5b32ceeecff32ccc1996f6c9aa9fa2f8849bd70a6d83a73c9abe5c308f4	0
UI Official/Mini icons/Icon_11.png	.png	UI	157	2844d82e535275e1debe9bfbaa81993b09413b89737c9fe9dbb649d3ba81a02b	0
UI Official/Mini icons/Icon_11_Outline.png	.png	UI	179	2c03cca50a20f0a25f34c766c8f41a81543a2ad32492f37592aa388963e7fc09	0
UI Official/Mini icons/Icon_11_Selected.png	.png	UI	180	f4c0f150856b775ec3a68d6aa91adbd399b3de05fd40cae016f5e58bf8353495	0
UI Official/Mini icons/Icon_12.png	.png	UI	192	449c7f1584fd2b693a800dc96fb365bd112b58458ce026648e1bb30e15fc4654	0
UI Official/Mini icons/Icon_12_Outline.png	.png	UI	223	b826d4fa6320c7e128906fe5d19e92c9b796a6955a60fe4aefde61b05a23c5e6	0
UI Official/Mini icons/Icon_12_Selected.png	.png	UI	224	28d0649c0885e82ca4487b1181e97e2a63acc87ab2e7bd8928b09beb5f4e3a78	0
UI Official/Mini icons/Icon_13.png	.png	UI	170	bfc86d95947340f452311809ff4e43b780f8608e8424dfc0d6e7f08f9f09683f	0
UI Official/Mini icons/Icon_13_Outline.png	.png	UI	228	517fc01f900d3d4df2ace9e2a0523ea97ac202b4fd73ecaa5af436f77ce7db48	0
UI Official/Mini icons/Icon_13_Selected.png	.png	UI	227	cda3a020cfc6c9ea13d98722ebbca1788466f5d8de5eb59b616f017b8e0d7b37	0
UI Official/Mini icons/Icon_14.png	.png	UI	138	8ada025aa29ac2e6fa451aaa508b292762768571179f94d6d220ae1aa0d28a97	0
UI Official/Mini icons/Icon_14_Outline.png	.png	UI	195	e4261f606b5e9f7c5864384d7f4b6a75bf4dec1e0d6d5359b6669a72700568e6	0
UI Official/Mini icons/Icon_14_Selected.png	.png	UI	194	221565dc8528e9a6ff40affd99df0ac4bd4007eb20f5c1b8d6f23c493362747b	0
UI Official/Mini icons/Icon_15.png	.png	UI	171	13959d9c97bf3d4a3ae25cfe884d25b3ca7c520786a92faf9ae377b90ba0be59	0
UI Official/Mini icons/Icon_15_Outline.png	.png	UI	190	bdc6b192db8275daa35fa6fcc648710c7f54867a435c13dd4a6ba73bc7859711	0
UI Official/Mini icons/Icon_15_Selected.png	.png	UI	196	86ec3724ea27ccbc40ca708172fa5b02d9b3e4a8a20acbe038bd35f6c230a3fb	0
UI Official/Mini icons/Icon_16.png	.png	UI	171	91503adf1af5a34fcc659b4b1c248696cb188a51402259968fc573b94ce6c177	0
UI Official/Mini icons/Icon_16_Outline.png	.png	UI	203	e49b96828d3591d3155a916df30fda7a01c4074446d0602956289e7d3d13c350	0
UI Official/Mini icons/Icon_16_Selected.png	.png	UI	209	d62c4a40aabf023c3866b52ab4eeb809cca99c5694fc4a9dce6babe755ff3260	0
UI Official/Mini icons/Icon_17.png	.png	UI	197	0cef062d5c1160850a5094b5e29c034205cee704860d69c44bda6f07ed658d72	0
UI Official/Mini icons/Icon_17_Outline.png	.png	UI	207	ae6774c804a4b1697855e2d4b6e043fc4581e1602fdfd0059cc59439a3e60b2b	0
UI Official/Mini icons/Icon_17_Selected.png	.png	UI	231	304d9c7bd99e943c41330b38e94deed25cc26ae03552646a48cb51196af5e1d6	0
UI Official/Mini icons/Icon_18.png	.png	UI	198	d1109b4aae2fa4da20140a3364538c2b37917236c3e8a8dd9454e784c018b80a	0
UI Official/Mini icons/Icon_18_Outline.png	.png	UI	257	2e8ee7045162b5cce82e3d555fb1780769d2b046adc9399a2f22c9002515577b	0
UI Official/Mini icons/Icon_18_Selected.png	.png	UI	259	7612b76b829f3b4983ff1da722157fbfb2434a899cf52fe81f47d8c298b0dd8a	0
UI Official/Mini icons/Icon_19.png	.png	UI	180	4e35d1dfac40bf3fb9a89a019a24d793410a8264b5b62f7451dc4846618e8824	0
UI Official/Mini icons/Icon_19_Outline.png	.png	UI	212	6662047b0dd77310f0f3cc557e8bb159ea6e1b56b389b1aef435d0dd9a9c39b9	0
UI Official/Mini icons/Icon_19_Selected.png	.png	UI	215	311e3b8c188172c29792d22654e82ae2106404af2674053f58f194f859e850db	0
UI Official/Mini icons/Icon_20.png	.png	UI	155	d8fcfa92ad740f37498870bf2459dbb9ad3d8ce8b011479b2aefde3df6168e48	0
UI Official/Mini icons/Icon_20_Outline.png	.png	UI	212	93ae74d661942c2f0204d15630c3a671b5f616af2a59af50a628d54cac6ad607	0
UI Official/Mini icons/Icon_20_Selected.png	.png	UI	200	7585bf01d2fce9b25cfab474974aef436ed948a4fae96a38c25eb4e4671c85b0	0
UI Official/Mini icons/Icon_21.png	.png	UI	157	241cae2495096dd109d0ad5389829ff70ca9f980b04fbb1627ca14c472444dbc	0
UI Official/Mini icons/Icon_21_Outline.png	.png	UI	203	704f7f373d038cd2f447b99a515516c0cd7f6bc22c2ef85b6a14eb155d714ac0	0
UI Official/Mini icons/Icon_21_Selected.png	.png	UI	205	397f1edba350985c9d8441f6afd2c1a6ebb01a1e2e249ee60dde3a04b8d3d76e	0
UI Official/Mini icons/Icon_22.png	.png	UI	192	07fc1c9e78120ac07143b9da8ac852cc562c0d5b0c97153ab02f80f910452ad9	0
UI Official/Mini icons/Icon_22_Outline.png	.png	UI	210	75606bc12e0df3ac749c0dc96d1bd682877919e871ec353c4a9a305ffb9bbc57	0
UI Official/Mini icons/Icon_22_Selected.png	.png	UI	209	91cf103049d4c632a1076b6dc0109781adf9dfafdf4b4bd5fd34ad28a882b171	0
UI Official/Mini icons/Icon_23.png	.png	UI	172	2916998c4560d61daacfbffae30155b6752401a9fea3850f3ed58671eb214a7c	0
UI Official/Mini icons/Icon_23_Outline.png	.png	UI	209	f9ec5d756767037e77708ebdd0f9332210f9b2476cc5b582a71eb2b938452a7b	0
UI Official/Mini icons/Icon_23_Selected.png	.png	UI	205	9d5bef65db2e34499f4b7240d08099ec2fe770cfd142471c235ec74ffede9ea9	0
UI Official/Mini icons/Icon_24.png	.png	UI	164	7bc443f53678361fcaa5a747a7e0a0759e2b41a78a85fc3fe0d3da7acf509dc0	0
UI Official/Mini icons/Icon_24_Outline.png	.png	UI	188	e73e1d487930f6dc3d1ae5664b74891d99088c967af66414a1c4180524ee4455	0
UI Official/Mini icons/Icon_24_Selected.png	.png	UI	188	b5eac1135b88f7d14b281a5848fc9ddff015abc05d14a8b1c9b97cb3cd3044a3	0
UI Official/Mini icons/Icon_25.png	.png	UI	138	582d42e19dc2d0ca18a0b24d66ffc1ac8564ce57e5689a9f174dadeff06b9dca	0
UI Official/Mini icons/Icon_25_Outline.png	.png	UI	184	4ba1cad2133afcb03e6f1b5ea02106774907129e774bdeaa0bd38c372a917a49	0
UI Official/Mini icons/Icon_25_Selected.png	.png	UI	181	29708ce6f0f9535c16d63173ba724282b12c7249dedd40bbb7004083e895492e	0
UI Official/Mini icons/Icon_26.png	.png	UI	164	5b63640037346e8361bd89dc81f34163d722decc3ce3cf1194e48f2678755d2f	0
UI Official/Mini icons/Icon_26_Outline.png	.png	UI	193	95a61ad5b6d0ddef0411ede2707f9794a29c4a35271721374d91edfde922cb1e	0
UI Official/Mini icons/Icon_26_Selected.png	.png	UI	197	ff48d1ff02497403e9f3ed916f2163d942396187aac0107fee6d931f5575ddb3	0
UI Official/Mini icons/Icon_27.png	.png	UI	153	9e4bda63b216aacbd29de1852a6d93c58c85786d6e7bb4376aed900b5b73c069	0
UI Official/Mini icons/Icon_27_Outline.png	.png	UI	173	fe41744809b4696b7006a48bda006b941093822e2e1d7ed0279931c9e2dce633	0
UI Official/Mini icons/Icon_27_Selected.png	.png	UI	176	28fc3ffafd711dde0a900e806ff2e3247ddd8c62d97417d71f89a9306f4fb844	0
UI Official/Mini icons/Icon_28.png	.png	UI	153	f9ec814f96c36540aecf04ee37b50977a385af2fb8905dac47aa74f4bdc83510	0
UI Official/Mini icons/Icon_28_Outline.png	.png	UI	178	da7508c01750ddadc0c3c16bc85f1e3a10cd60a61ceacdc18450456c06a2d6cf	0
UI Official/Mini icons/Icon_28_Selected.png	.png	UI	177	335003087c5a18c87b6747a41b796667c99e44a06c389cc9b7504e5f5aba1238	0
UI Official/Mini icons/Icon_29.png	.png	UI	153	206ad72321c6b4b04e66a2225f4bd8530b7aa023c21ff6d52a5a4ce105ac9fe2	0
UI Official/Mini icons/Icon_29_Outline.png	.png	UI	180	69b1a3bbd3fe7f09766f3de0efe3e1b20ddeb6a22e44518141f28119a2c1b27a	0
UI Official/Mini icons/Icon_29_Selected.png	.png	UI	178	543c3e0d999287acabc256b5523d1edd403ed83579da0ef7a75e2dbd9c29ae8f	0
UI Official/Mini icons/Icon_30.png	.png	UI	188	12de7667ac15a66a13c4d2c28330c085437174664246c9a1dbb4b9e52bfbb8e5	0
UI Official/Mini icons/Icon_30_Outline.png	.png	UI	221	2f1d18530135a7d574b514e053e68d0651fe4ad7269acf8a3f6d95c6821e32f1	0
UI Official/Mini icons/Icon_30_Selected.png	.png	UI	217	5c41cb728eac4c872c7dc027402d76cedebc3b37e87c462fafe6ec1056687164	0
UI Official/Mini icons/Icon_31.png	.png	UI	210	47520c9a8fc149a7fff99cc90cf9e6da99ed2b2dbc011f20b61400b13d16fdfd	0
UI Official/Mini icons/Icon_31_Outline.png	.png	UI	241	9eeafd33f9423b62e3af304264bcc097daeecd25b605fe2dc166a5207e47b0a7	0
UI Official/Mini icons/Icon_31_Selected.png	.png	UI	232	b16ea66218aa0ea10739046573bec89e7c31f632eef8cd9c47f4d91c744c8dde	0
UI Official/Mini icons/Icon_32.png	.png	UI	179	b41dc73d23b54d922ffb6df3872f0181604b80bc17fb4c4461cd37b7398fdc8b	0
UI Official/Mini icons/Icon_32_Outline.png	.png	UI	205	5ac19a6c359d4c91494c79d90047778295773e5d2f5c4fdfd9d5216addd2e945	0
UI Official/Mini icons/Icon_32_Selected.png	.png	UI	211	d75c8bc658b8aa78ef996113ae2f052dba8b02eb373f21922458669d045d4c13	0
UI Official/Reference sheet.png	.png	UI	191860	8e69c0a3caee1af4ed351d8d0f12fa104aac90129efe15aff8d51ecb45b0ce1a	0
UI Official/Resource orbs/DecoratedFrame1_Left.png	.png	UI	1818	6bdc63199ef0d1aad0d5a1b0190e093b5c30cbe38991adaeb749bdad2985fe6e	0
UI Official/Resource orbs/DecoratedFrame1_Right.png	.png	UI	1890	e9eedbea5bd24ddab959565211e709ecd7d3377878c773228dfc281652713075	0
UI Official/Resource orbs/DecoratedFrame2_Left.png	.png	UI	1846	81438ebd5a7b6eb84468573ccb5f2c13e675c5779bccc6dbed061c54058651f0	0
UI Official/Resource orbs/DecoratedFrame2_Right.png	.png	UI	1899	174a832003aa607ff8b1a352be7e5d896fe5689cad62af610ca84328bbbd4032	0
UI Official/Resource orbs/Orb_Energy.png	.png	UI	569	683fb4ffa71494999c4c1a92984e77ba939dd62c6d55f330f04cd458f98ec2da	0
UI Official/Resource orbs/Orb_Frame_Empty.png	.png	UI	853	62cb366b563a8e1c1662354296b7ec49b5ca7dfd2d0484fc68e29bf0bce2a099	0
UI Official/Resource orbs/Orb_Frame_Energy.png	.png	UI	1014	45902215d18c444fea16f842529adc6186f79588457d0ccdd4ea4e203bf1ab32	0
UI Official/Resource orbs/Orb_Frame_HP.png	.png	UI	1084	52aa46501d36451812018d2a5ec90aebc031a5ab16cbc93fa5674591c1071d32	0
UI Official/Resource orbs/Orb_Frame_MP.png	.png	UI	1086	97f55258e68f3bcc6abe2ffec287e39ccafc1195f0ddec4ad5d96e132634d6ad	0
UI Official/Resource orbs/Orb_HP.png	.png	UI	579	eee4712496cdaf675a62432188cbe6fd0107ce406df158d8c2c7c2ebfb31efd8	0
UI Official/Resource orbs/Orb_MP.png	.png	UI	569	48f62d8272f1d4b05b3b72d271f1f50f289aab354131cbc22c340bd3b25a0a32	0
UI Official/Sliders & Bars/Slider01_Bar01.png	.png	UI	128	a0c2369ce4403a796016c16066e6343f663a769fccb8a391276edccf3979949d	0
UI Official/Sliders & Bars/Slider01_Bar02.png	.png	UI	128	6db582138b9f94492e801630fa5e1dfc065f7e0200830bc97f6f6f10c4cf3443	0
UI Official/Sliders & Bars/Slider01_Bar03.png	.png	UI	128	795930cb057fe6f4026c4220372594ad2107f37c3e4e285dfb7374044a4f5a93	0
UI Official/Sliders & Bars/Slider01_Bar04.png	.png	UI	128	93dd4ba98684cf542df5a5cc30655e5bfabb942f75bf3207d548a4112b1197d3	0
UI Official/Sliders & Bars/Slider01_Bar05.png	.png	UI	126	b3382a1437b6ad8493b670e51a2a5240c0342f52a2a682ee9efbecf9957468e3	0
UI Official/Sliders & Bars/Slider01_Bar06.png	.png	UI	125	ffea4a3948b0febc68ec7c93445d81032dd75668f9f88f9d8ffeb5692f7251ac	0
UI Official/Sliders & Bars/Slider01_Bar07.png	.png	UI	136	3328f07ef6093e650b646b40927004fa190d20cad3d3c8244bacccf6e3f970d1	0
UI Official/Sliders & Bars/Slider01_Bar08.png	.png	UI	151	e7f32fa60b5068e5115fdf150bdfb25d07cd2cbe848fb16879d8d86ad4d2d408	0
UI Official/Sliders & Bars/Slider01_Box.png	.png	UI	252	e8522a44dc4237b3c3a34fc3f3b6524c15ad1c9f4d0ad063c714ced9a21d6be7	0
UI Official/Sliders & Bars/Slider01_Button.png	.png	UI	132	736df6d8eede8392e52898e04c6b84733e7fe2c115c8c31f05323c60cb6160f6	0
UI Official/Sliders & Bars/Slider02_Box.png	.png	UI	312	5942d3a481c71a604e648566caea2365bb54a2ea983ac9e1a261dbc7df7d3f28	0
UI Official/Sliders & Bars/Slider02_Button.png	.png	UI	229	d4490fb21ca1967d21e2bc4e4fb46fa5d684eb8184a98c37cf8983d311bc0caa	0
UI Official/Sliders & Bars/Slider03_Bar01.png	.png	UI	129	b63680098d3178ef4a014643bc701e20005d47697e74a3d1d823f3ad0dce9df8	0
UI Official/Sliders & Bars/Slider03_Bar02.png	.png	UI	129	3a1a2da439aff7e3a61129861e0adbecba95a57ba6e914e83382560bddb40178	0
UI Official/Sliders & Bars/Slider03_Bar03.png	.png	UI	128	fc3126ba6780dcae7ab16faac89508b58f9849943e7bda80706bb429e8d23a6b	0
UI Official/Sliders & Bars/Slider03_Bar04.png	.png	UI	129	ccf73e414d55c13c309bb5b8a1618056af9271e625fc9c89c3f906c7f7d2b42d	0
UI Official/Sliders & Bars/Slider03_Bar05.png	.png	UI	126	695e0c3b3fd7692838cfeb3d2ff6dcaeea68c8c65c0f2c8bc7a28fba6a0717c2	0
UI Official/Sliders & Bars/Slider03_Bar06.png	.png	UI	125	576b3554e4d7b8d0da197d136784c507bea994c5e5e3d193a8841893dc8d3a3f	0
UI Official/Sliders & Bars/Slider03_Bar07.png	.png	UI	136	6f21cb5c465650c05e7309deccf884695b5cefba4b5512ff07e2962641c66009	0
UI Official/Sliders & Bars/Slider03_Bar08.png	.png	UI	152	1d713ced153639dcc377022131747ab34366b1f5a13c0810dc2c04ae79a1a28d	0
UI Official/Sliders & Bars/Slider03_Box.png	.png	UI	437	4924fa28b81e2c840bad2753bb692abd33a375a71c1b5465165b7fc97586d87f	0
UI Official/Sliders & Bars/Slider03_Button.png	.png	UI	159	639826a0f567d69e75b11ad1ec664f46d572e31ea29ce85ee6be5e6e7d9a6f9a	0
UI Official/Spellbook & Tabs/PageFold_Left.png	.png	UI	555	2ee2006d8bd03768ad5b20a8122930265a0cc44f35f8ea48062c7930d0244c51	1
UI Official/Spellbook & Tabs/PageFold_Right.png	.png	UI	607	559575b34ab2a5f420e4512e464a25e494dddc91fab2d6d7acbd93d45df450a1	1
UI Official/Spellbook & Tabs/Spellbook.png	.png	UI	5594	c69c379e54c431714b3de7d332c37a2a065511afb183829b2bd68e3b0e3ec8cc	1
UI Official/Spellbook & Tabs/Spellbook_Closing.png	.png	UI	30394	b698738a2c0228b8c93919ee085e29186d32b70c4c5cab3f629e3cd1f0426c98	0
UI Official/Spellbook & Tabs/Spellbook_NextPage.png	.png	UI	23952	d1f5bc3769c815aa9011e664ece0405b4691fe45d4adbae61182c1837671d429	0
UI Official/Spellbook & Tabs/Spellbook_Opening.png	.png	UI	30323	50f1afcb65c575734b807a0d30522d1d21af029b59b36139598dfd2a922f3562	0
UI Official/Spellbook & Tabs/Spellbook_PreviousPage.png	.png	UI	24130	04917568095e4f814c20153fc8e289dcd1786187de248d66a3bfbcaa163acf08	0
UI Official/Spellbook & Tabs/Spellbook_WithTabs.png	.png	UI	7472	a7f6ddf4b0e5edc5dee779eb61ee6a083804e5ac5a1974d78eaef2edfbebe7fb	0
UI Official/Spellbook & Tabs/Tab01_Bottom_Normal.png	.png	UI	299	942dd1a8acee27abf4cf316cf641387b6fcada5df870f5c74dceee751b53c5ed	1
UI Official/Spellbook & Tabs/Tab01_Bottom_Selected.png	.png	UI	328	71759224439d5d3ba1c1c3571856329334cbf2342826c9ffde6b4716d765b1af	1
UI Official/Spellbook & Tabs/Tab01_Left_Normal.png	.png	UI	283	4ce19bce28a8090f8f2bcab43ebbeeca2cc2450a859436a9f8be292acbcad2b9	0
UI Official/Spellbook & Tabs/Tab01_Left_Selected.png	.png	UI	318	50d6d5966d67b571f73c6860f43abdab786b943bcd8649c64f93cf21fd57ddea	0
UI Official/Spellbook & Tabs/Tab01_Right_Normal.png	.png	UI	262	74147ae5f4b644d9ea8d3788792a99e62acec91f89b3f9f58bfec9011ff2d64b	0
UI Official/Spellbook & Tabs/Tab01_Right_Selected.png	.png	UI	302	08e69fec45c4d6afc466a18afdaa26365a15786e04cbae64386c55166c52d9c6	0
UI Official/Spellbook & Tabs/Tab02_Bottom_Normal.png	.png	UI	298	fd7b9ca9eff08cce4fe4cce3aef05e1e0a389b270f32fbf3352d977a6a69c911	0
UI Official/Spellbook & Tabs/Tab02_Bottom_Selected.png	.png	UI	330	218394f12e768c5cbbee53f5b5b96fe3a34c4baaa8ce1ca47240eb61665d8efd	0
UI Official/Spellbook & Tabs/Tab02_Left_Normal.png	.png	UI	280	3e6a824dbe617f25f63787e645c3bf3e7bcb4146d9d62239cf2481d7ad0e96b9	0
UI Official/Spellbook & Tabs/Tab02_Left_Selected.png	.png	UI	312	4deb029d8376e92f635dc56acb888da0a4671f276863e2b0e4f515807dbc1a05	0
UI Official/Spellbook & Tabs/Tab02_Right_Normal.png	.png	UI	268	739807b349138a3b493ee2b7ad2415ba714005f5bdf28dcbb4c55d53fab63a08	0
UI Official/Spellbook & Tabs/Tab02_Right_Selected.png	.png	UI	298	ed6017c04a83615913fa2c353b2839766964edf75abd9b06e29b6a41d4c577c2	0
UI Official/Spellbook & Tabs/Tab03_Bottom_Normal.png	.png	UI	304	ce7a34ca5fc12503d762879c4f372fd8328fcec3524c848369b53310cc255cd4	0
UI Official/Spellbook & Tabs/Tab03_Bottom_Selected.png	.png	UI	336	1292488d9654917455fc38a3a652bd290ff97af55c62ceeb70674d7075a54903	0
UI Official/Spellbook & Tabs/Tab03_Left_Normal.png	.png	UI	280	e46d0f69b6807e8c42ba67460eaa9f7160be88973855c26eb129f21cf664100c	0
UI Official/Spellbook & Tabs/Tab03_Left_Selected.png	.png	UI	320	9d99861011a8c8a4d19ceb3a23883f94cd9db0453fa3fae45c2480f70a7bddbf	0
UI Official/Spellbook & Tabs/Tab03_Right_Normal.png	.png	UI	273	ccc685daded2f1ed25fa045fd4abaf1383aebfd441bcc0c4f52c31b613523450	0
UI Official/Spellbook & Tabs/Tab03_Right_Selected.png	.png	UI	304	3504482bc6a71f73785874d50a1f590bfebc1328fc161c276d8545a5cf4c3131	0
UI Official/Spellbook & Tabs/Tab04_Bottom_Normal.png	.png	UI	269	06fb45e34dada03da6f8f9b82e7f38c22dcb5188ce36572d905e73d67a1ba5ed	0
UI Official/Spellbook & Tabs/Tab04_Bottom_Selected.png	.png	UI	297	9d4d40e82f3ebe65ad6fdf1746800692f86e5509a04c7180665a58aeb147ddc9	0
UI Official/Spellbook & Tabs/Tab04_Left_Normal.png	.png	UI	283	e78c66ed4b7b863501b3d5d41e935e5ba91577a87911dbfb53db7f7629803098	0
UI Official/Spellbook & Tabs/Tab04_Left_Selected.png	.png	UI	319	8755d4c7cc272fe879e2d778ddca714100d9953294a9ef1f0a1c2973e6213262	0
UI Official/Spellbook & Tabs/Tab04_Right_Normal.png	.png	UI	276	533e63d3eabd41c426e333977597839117ecd5ac34beea1cd41ec49a7537fc6c	0
UI Official/Spellbook & Tabs/Tab04_Right_Selected.png	.png	UI	306	92c29a86a4fbbcc5687f4ef22957c1450995491ea1e04cd4109dfe960023d51c	0
UI Official/Spellbook & Tabs/Tab05_Bottom_Normal.png	.png	UI	303	93df47edb9c7457f32de53f480cb15f3dfcfef6e0c92de96b5cc8636a3ceb072	0
UI Official/Spellbook & Tabs/Tab05_Bottom_Selected.png	.png	UI	331	fd651724460db7252eefc74688d584f540fe3bff8a6460d5f4bc127582be67f8	0
UI Official/Spellbook & Tabs/Tab05_Left_Normal.png	.png	UI	281	d497e8a5846b6ccdb0d8bb32f9b854cd61852fed961629a8b7d94da586b47a67	0
UI Official/Spellbook & Tabs/Tab05_Left_Selected.png	.png	UI	316	6882a1e6d28dc8e381aa991bc302747175d491923b7df071917dd5fe1813acda	0
UI Official/Spellbook & Tabs/Tab05_Right_Normal.png	.png	UI	271	b564718984b650d2cc469bb6b353a2b81e460d81fe6b0250e97c3011ad1163f4	0
UI Official/Spellbook & Tabs/Tab05_Right_Selected.png	.png	UI	301	9ace0e976d3aa702c2546c2d3b5b6fa781c0e59794503cc8632e064ae40cb9c6	0
UI Official/Spellbook & Tabs/Tab06_Bottom_Normal.png	.png	UI	334	cc97188f8542f1b8440e205564ec824bcfbde2b47ca0f0f236ae3882cfc1ec52	0
UI Official/Spellbook & Tabs/Tab06_Bottom_Selected.png	.png	UI	374	d04e2603ca712ea2d10430a7ab84387fc666e1559a1bfc91cd6bef91c7ec63a2	0
UI Official/Spellbook & Tabs/Tab07_Bottom_Normal.png	.png	UI	339	948057511d838b4bc3d41b7f01914ad298b0702945d1a222fa960e4d029524eb	0
UI Official/Spellbook & Tabs/Tab07_Bottom_Selected.png	.png	UI	372	b4dc17b8b46068dcea47c96e420fb7660bd6f83ba686b5e1d5df4c0fee397390	0
UI Official/Spellbook & Tabs/Tab08_Bottom_Normal.png	.png	UI	335	001cb9d25eb7355a6ce75d5b3f2da75ab6d8450f86bf7707ded5e3e47eb20708	0
UI Official/Spellbook & Tabs/Tab08_Bottom_Selected.png	.png	UI	371	026d22693089e4368b6931490c7a9e63757f9ccf1dfd42b4230e2fbdf9a284b5	0
UI Official/Spellbook & Tabs/Tab09_Bottom_Normal.png	.png	UI	305	996c38349e16c765410fb55bd51cb7e888ad78e80a24d34a8bdeaddc42c34b03	0
UI Official/Spellbook & Tabs/Tab09_Bottom_Selected.png	.png	UI	343	75c312951de4d3a3bebc2573d2c4f58023a854e01a607a0fecc8fb98ea831f2e	0
UI Official/Spellbook & Tabs/Tab10_Bottom_Normal.png	.png	UI	336	e056e53faf0254521c170ae294fc35b250e5ac9060eaffe1a5561dd31d46bc47	0
UI Official/Spellbook & Tabs/Tab10_Bottom_Selected.png	.png	UI	373	fa3667cacf302c1a4986bd0614fc6886d4d1aa0d05ee7c3c26049e44c43d94ac	0
UI Official/Spellbook & Tabs/Tab11_Bottom_Normal.png	.png	UI	280	4f76453640e41cb96627f328f00ea1bbdcabc2f8bb4907144ff3f3b8e86f9a15	0
UI Official/Spellbook & Tabs/Tab11_Bottom_Selected.png	.png	UI	312	01ceda6af4f8af1294686ca383b79f644079277fbc8f272b2e77d00dad5f3f3a	0
UI Official/Spellbook & Tabs/Tab12_Bottom_Normal.png	.png	UI	284	0a68ad82e17b79b36038f3afa9748b80cc5d0da1729fc708724000fd163edd19	0
UI Official/Spellbook & Tabs/Tab12_Bottom_Selected.png	.png	UI	314	41c28105976d628472c9436de9d114ef4dc5b03447ee3126803e0697c2b9eadc	0
UI Official/Spellbook & Tabs/Tab13_Bottom_Normal.png	.png	UI	287	ac0f96e4c6d749aa817c390d7f38cf7bdd26078862f8082c04937a57965d49e5	0
UI Official/Spellbook & Tabs/Tab13_Bottom_Selected.png	.png	UI	316	86ab1642e052e209d356d9d6814581494fd68b251cc4bb40c43bd99e4e54b710	0
UI Official/Spellbook & Tabs/Tab14_Bottom_Normal.png	.png	UI	285	63812492358a1860118b9086f486e93b533a446badafa124d83503b73e107b14	0
UI Official/Spellbook & Tabs/Tab14_Bottom_Selected.png	.png	UI	314	0d5e6362ef01ea1680f511a4c711d5645536df9d3d099eb10662693dc5566bfc	0
UI Official/Spellbook & Tabs/Tab15_Bottom_Normal.png	.png	UI	283	1c54e56e5a42578cb0dd794369caef83c7ddae38126da066ee0b00ab41f4fa7f	0
UI Official/Spellbook & Tabs/Tab15_Bottom_Selected.png	.png	UI	312	60c1f8015a670598f7ebc7949c0c2a53763411c44aeabaccc8b7e73f53f78ffd	0
UI Official/Title banners/BannerMedium_01A.png	.png	UI	493	bbbf9cc7d42f5611cf48992743f41e34bdcd486e452e8ed8bda78a86730f4054	0
UI Official/Title banners/BannerMedium_01B.png	.png	UI	559	8fa2eb4c59df392a09476fb7c94c827407313296ad2fda1c2f4a5e0821577bc0	0
UI Official/Title banners/BannerMedium_01C.png	.png	UI	489	3b7aca40c0e38469e3dff07f82a933d6d078f582842de9a2f53dd66b60f28257	0
UI Official/Title banners/BannerMedium_02A.png	.png	UI	387	c855e75345e85e615430cc359034920e7c498a6ce41f59b24e08212b1c541a7b	0
UI Official/Title banners/BannerMedium_02B.png	.png	UI	402	734f74694fd94f6d7958693c0c0c9c6c8ad0494afe5ff17414e265e9c7824d13	0
UI Official/Title banners/BannerMedium_02C.png	.png	UI	398	c7b16325457d12534468164e10e44fa2b14802ade37a7f5bb8694dcedaa14048	0
UI Official/Title banners/BannerMedium_03A_Normal.png	.png	UI	275	07bbc573c85b3fde67a17cf8cca33e7b806132f715cc4b1e3df53fac06460114	0
UI Official/Title banners/BannerMedium_03A_Pressed.png	.png	UI	275	78ae4672559a6d0491400be3c553be0ea18af03a15d0a81e46c62a50c5396c5e	0
UI Official/Title banners/BannerMedium_03A_Selected.png	.png	UI	304	0e5972e69996bc081bc5186e055965b4e0c5b057afb0790ef49ea4b156cf40ce	0
UI Official/Title banners/BannerMedium_03B_Normal.png	.png	UI	268	7276bf2d3aab5490799571737798ea75cd07468104e79defddff82ada5e99d87	0
UI Official/Title banners/BannerMedium_03B_Pressed.png	.png	UI	257	dc959f1ad2a51f9481b53dc380ded85de72943ee2f9e804ce8cbb67efbf15477	0
UI Official/Title banners/BannerMedium_03B_Selected.png	.png	UI	298	c409edab37cef2488be96f6ffddae3c504f2cd59bd5d976b1498cfdbc7c74eeb	0
UI Official/Title banners/BannerMedium_03C_Normal.png	.png	UI	273	29e94ffa51d8f05e4041b0bac02d31aa56013e31d61bd277396cfaa3360b7e30	0
UI Official/Title banners/BannerMedium_03C_Pressed.png	.png	UI	265	903df3510d6081ea05b441091cb30d049bd3691e0af87a1e87759384197a5abd	0
UI Official/Title banners/BannerMedium_03C_Selected.png	.png	UI	300	46ffeffb558a326356881cf787877515699a54f9ab28fa38e6458480042f8a37	0
UI Official/Title banners/BannerMedium_04A.png	.png	UI	425	cce85858ce6aaa7b2a6db0261265adc163dbdc30db3d79fa9929f0b6d0bebc0e	0
UI Official/Title banners/BannerMedium_05A.png	.png	UI	458	414ef3863d144a27c85398843c97ac5a13e2bcb5db825a3269fb2aa941a0afc5	0
UI Official/Title banners/BannerMedium_06A.png	.png	UI	644	277433c3cb61381e280a000a8ec9d421d4596a1d3aee1702ef9adeb1a943550a	0
UI Official/Title banners/BannerSmall_01A.png	.png	UI	435	7a7658aedc0cda54cfd9d6e2f3998615b52770f61a19ef9dc1a72c0b9112ac3c	0
UI Official/Title banners/BannerSmall_01B.png	.png	UI	436	c1e321abbdb2d96551914a0c264a2dd7a4b1b3854f24fa9dc305cefc106cc46c	0
UI Official/Title banners/BannerSmall_01C.png	.png	UI	430	ca54ef9dc781ed47cfa6992dde60422e356c97f9a0e6c999ef6b6dffc5a6266f	0
UI Official/Title banners/BannerSmall_02A.png	.png	UI	355	6bb3beef52a7330fba018ec12a603c98fd53aa5056dc5974be2e4bcc3501517f	0
UI Official/Title banners/BannerSmall_02B.png	.png	UI	369	b506d927cfda26fc3df9f398456e84b61860b738a7b0ca9a6e504d61882dd9ff	0
UI Official/Title banners/BannerSmall_02C.png	.png	UI	366	39fff6cebf78a4a0d3748aa54a86c6711176919653200c1f50da05392b15013a	0
UI Official/Title banners/BannerSmall_03A_Normal.png	.png	UI	252	6936ca029c99ab1ed77f0a263a0f8668ffe827949e24fdbe98fcacafc657f0d1	0
UI Official/Title banners/BannerSmall_03A_Pressed.png	.png	UI	252	ce9e9d4353036ffa3143d29648b16f0477e53962c327953e2387081de8ebfd26	0
UI Official/Title banners/BannerSmall_03A_Selected.png	.png	UI	289	1f6ac273d2220e919647d759f4d768ec3fa4074527506f9c2b31cc5c502bd136	0
UI Official/Title banners/BannerSmall_03B_Normal.png	.png	UI	252	b7388b5571c62cbdb91dd85f44f79b481808bb343f30d5dc6f276a7a14126d89	0
UI Official/Title banners/BannerSmall_03B_Pressed.png	.png	UI	243	84539078b4fa4178838df0edfe3c0251f7c0d0fae040bb2fe3efcbeb45d506f9	0
UI Official/Title banners/BannerSmall_03B_Selected.png	.png	UI	284	79dc9ec024ea4c77bdd2e0a8f0a24079830d0f242d2453d49c2f657a8bda3cb5	0
UI Official/Title banners/BannerSmall_03C_Normal.png	.png	UI	252	c980fa2cdd7c56625aa3ddb657706478ef6f7ef36e5aaba59aa34aff0196d3b5	0
UI Official/Title banners/BannerSmall_03C_Pressed.png	.png	UI	252	5e54a2a9fde41a270104eca95a28be1d0ba7cfd209320aa0d0069d29ccf7ba77	0
UI Official/Title banners/BannerSmall_03C_Selected.png	.png	UI	286	05d118969edc6d43099f319a16b7ce2daf29776d507090c8616d4be945e15609	0
UI Official/Title banners/BannerSmall_04A.png	.png	UI	402	097bbc2ed34310926542f6745cdbc6d5563ec76d446e963345cc7e2ac2af3ecd	0
UI Official/Title banners/BannerSmall_05A.png	.png	UI	424	255f3d6b78b28047e98ff9fc6e1dffa36ed81b5659ea247f6c105bd0453b7da4	0
UI Official/Title banners/BannerSmall_06A.png	.png	UI	525	8fde18e147731d000f7be1f654482a42c0d8993ffcbc8889635b36c3ced54425	0
assets/MainMenu/UI assets (1x).png	.png	Environment	94152	7adf169d7fc561243b7388de99c19f176186378483b9c3d9f6ffb17964294754	5
assets/MainMenu/menu_banner_owl_layer.png	.png	Environment	270933	91964cc56f54f7e6bfd83e04f2dd6c316f8b226625bf60639f4a533f1ea2135c	1
assets/MainMenu/menu_base_1280x720.png	.png	Environment	1554813	1bd38c4936b2e0660ee6e4fa7c2a48663db777aee286affa8bd7cb4b87471333	1
assets/MainMenu/menu_clouds_overlay.png	.png	Environment	97247	a3d0de0095c7f9e3261d25938e8ba37c3b40f1d56b7c25f7439b0f0b6d7a62e6	1
assets/MainMenu/menu_felix_rooster_statue_layer.png	.png	Environment	256819	a3bac9db3a4f4264d1b53895b4220340fdae0230ec2483a4acf52d07b7b5955a	1
assets/MainMenu/menu_fog_overlay.png	.png	Environment	36460	59d9d35c53dba68b3c818cdb6749ffa3c06d75208435b4262cbd917930c15fdb	1
assets/MainMenu/menu_light_overlay.png	.png	Environment	1318235	2e6695eae9552e00bb8923774aadc8bb38f878a0d8c5bf1e263398f962ff9952	1
assets/MainMenu/menu_torch_flame_strip_4x64.png	.png	Environment	6195	73ebe0fc4a3a9da013959be4d8f1ef281b6e57996741f67f24d143612629cb35	1
assets/backgrounds/arena/variants/arena_bg_variant_01.png	.png	Backgrounds	2424408	ede0428985cdbea1a03c3580f333109f752e13536ec7c38db74f08d7457024d3	1
assets/backgrounds/arena/variants/arena_bg_variant_02.png	.png	Backgrounds	2509082	fd59d5161337a9b85125441af1a6308ccd071b3b2b40ed3660aa4d8223ca4355	1
assets/backgrounds/bg_arena_scommesse.png	.png	Backgrounds	2361484	228630b3eb94f7d1a0c433153983b9c1b2ebca8937c3fe276206d430a38be6aa	2
assets/backgrounds/sfondo_arena_principale.png	.png	Backgrounds	2388300	f23bf2677d2b383601f1b741cdbd8cf9bf8a95aa6d8e159109b657c088270e48	1
assets/tiles/tile_ground_16.png	.png	Environment	288	050a487d4d2216c88a37a8ee6ced1d3976decd407178b6cd113e40b148299826	2
assets/tiles/tile_wall_16.png	.png	Environment	173	c6cba147ddcbc2c4653cbbb1361d909c1213f79a70f424feecd1928850511de0	2
assets/ui/dividers/divider_rope.png	.png	UI	1397512	4b29259961f0fb370a7647c3b0d4208e917236d15f04e26e1b3e343badfea5be	0
assets/ui/fonts/font_body.tres	.tres	Fonts	74	9ceff34d405527478a52c006e5c0315a775d51ff5a16bb015746f390536277a6	2
assets/ui/fonts/font_title.tres	.tres	Fonts	185	e891ade5b48ea14fca65ef78631bc1b5207b40a97c070c0321a5a69ec2c2aabe	0
assets/ui/fonts/font_title_outline.tres	.tres	Fonts	74	9ceff34d405527478a52c006e5c0315a775d51ff5a16bb015746f390536277a6	2
assets/ui/fonts/gallicus_ui_font.png	.png	Fonts	1674381	05c6fe95cc9cca2f008136fc531146529faf71ace114c123f58f296981beca7c	0
assets/ui/gallicus_ui_theme.tres	.tres	UI	5117	a46b902cdd1780bbfa7002380a64170d57ba7638a6e49ac9cf084df2b071ef67	0
assets/ui/icons/icon_coin_16.png	.png	UI	278	25d26c0b6859bd7e37835bb85e77657b568b0cb24097c5872c7038138fab3477	0
assets/ui/icons/icon_condition.png	.png	UI	2998048	ee363cc1d76461f505434a4326429bac000b7465ef2da1daf8124db3c23c4dc6	0
assets/ui/icons/icon_pact.png	.png	UI	1560430	227f873fe26f970e367d5041985ecddd9dbf39c769c356ab670b00e741eb6e68	0
assets/ui/icons/icon_payout.png	.png	UI	3035251	0dae13f48a3f57667622c2377a57ce49e5fb61eb3aceb5b14ec0dc67f0619d9e	1
assets/ui/icons/icon_sentence.png	.png	UI	3023002	4310a6035698e7647e790ab38a37b9a1250c0ddf93d7bb553246303f79b12866	3
assets/ui/icons/icon_token_16.png	.png	UI	304	9a5c4193df5f1381665b59b4c24cf97289bf7803ac124c09cc65b9b38dc2594b	1
assets/ui/overlays/arena_fg_overlay.png	.png	UI	2482526	0469e7f8d942abba7ce4429ab316716a255a6580a36264ca7f69200d962d4917	0
assets/ui/overlays/vignette_overlay.png	.png	UI	1316137	6aaaca7121c01e670bdaae0044e693007b0664c8425e2efcf2bd4976b9e56a9b	0
assets/ui/overlays/wax_drip.png	.png	UI	2636840	b0d842225733809968ac466fd193c3837c496418ab12c4c3f0dbb21655cada8e	0
assets/ui/overlays/wax_seal_red.png	.png	UI	2782365	b9ef0ab52ff9869ba3caed104ff0224341e907ab919dfcd30a57f76d993d2e3f	0
assets/ui/panels/button_primary_9slice.png	.png	UI	2585288	af8dbd5980581d6ca02b7566a9a8d03e9bcc4552ea715ffacf24f92dc9777dd9	0
assets/ui/panels/contract_clean_paper_9slice.png	.png	UI	2682523	65e195a074993df353458340e296f6a44b17f9c3a804acc1bc3e7e5607807995	0
assets/ui/panels/contract_dirty_paper_9slice.png	.png	UI	3112164	cf8fd821f1678d4fa01534ab542fdb55e52706cf641c28b3451ee18877e6c373	0
assets/ui/ui_panel_96x64.png	.png	UI	533	cca3f7d3b15ec77af4cd99bcf5e6c062dfb7ce37cdce082c86273fd9b1805635	0
assets/ui/ui_upgrade_panel_gallicus.png	.png	UI	1497157	c79e7cfcc1152a42b058bae75a2cdfad80cf4b3d7bed3fa2d55e06937e8034ac	0
ui/fonts/italiana_regular_font.tres	.tres	Fonts	74	9ceff34d405527478a52c006e5c0315a775d51ff5a16bb015746f390536277a6	1
ui/official/atlas/at_button_primary_disabled.tres	.tres	UI	224	180571e61f1224bda5a617a313f0d7932254ff34cb323a495111e51d66e4763b	0
ui/official/atlas/at_button_primary_hover.tres	.tres	UI	225	31a684c76ac41073944d2ac37148e3dbd5278f9638232a426d14de800dc78fc9	0
ui/official/atlas/at_button_primary_normal.tres	.tres	UI	224	180571e61f1224bda5a617a313f0d7932254ff34cb323a495111e51d66e4763b	0
ui/official/atlas/at_button_primary_pressed.tres	.tres	UI	225	b334ff303625eb8fa00cd1e2fcf339d66225a24be3c82751d7b686b2e827baf2	0
ui/official/atlas/at_panel_main.tres	.tres	UI	222	14fe7e267a6e51e2e89d21aa2cc0a1a08bb37c2dd4ac365dff25fa75a6f913fa	0
ui/official/era2/materials/era2_grade_noise.tres	.tres	UI	180	c684c0cfc66f8ba3156c0ee3d8aa9fd321f5c31864101d240e9b241d9df061ea	1
ui/official/era3/materials/era3_global_grade_noise.tres	.tres	UI	187	f47494f252c6c691ccb8ebaab24e90207f1e46f7515331d864ca3ae7f6c8108b	1
ui/official/silence/materials/silence_overlay_noise.tres	.tres	UI	188	23e900b1477f745ab34000de76e929d7fbbfd8dbd966962fde2cd9be4aa3863d	1
ui/official/styleboxes/sb_button_primary_disabled.tres	.tres	UI	468	719a89ac34439061ca67ba8e9fc29a40661777b83dc542beda20ef52206cdfb3	4
ui/official/styleboxes/sb_button_primary_hover.tres	.tres	UI	424	7fc14bc53010e3b52934912dbc2d0560f2d61527a3bb3ca4e2ffae9a208e030b	4
ui/official/styleboxes/sb_button_primary_normal.tres	.tres	UI	422	8bfc6407f0cb22699ef5ff3363a6f0111fa7a9f3ad4df2ee2b62f9cbe45ff99b	4
ui/official/styleboxes/sb_button_primary_pressed.tres	.tres	UI	423	1d59dbbb1c48e2ba2117e9bd3a61233ea4c7e4bdb331c11d626f8e72c25df347	4
ui/official/styleboxes/sb_panel_main.tres	.tres	UI	426	deb34059b5c53c7f04ebc9beacd2e9d4bc357f786bb4e969d7e3b0079a10661f	4
ui/theme/official_theme.tres	.tres	UI	1861	56f60d149c835244b907993f73c472adaaa4cc2cda715bb79e9f0758b920df19	3
